0,1,2,3,4,5,6
V45.2,V45,V40-V49.99,V01-V91.99,V01-V91.99,V01-V91.99,V01-V91.99
V60.3,V60,V60-V69.99,V01-V91.99,V01-V91.99,V01-V91.99,V01-V91.99
V14.1,V14,V10-V19.99,V01-V91.99,V01-V91.99,V01-V91.99,V01-V91.99
V14.4,V14,V10-V19.99,V01-V91.99,V01-V91.99,V01-V91.99,V01-V91.99
V03.1,V03,V01-V06.99,V01-V91.99,V01-V91.99,V01-V91.99,V01-V91.99
V71.6,V71,V70-V82.99,V01-V91.99,V01-V91.99,V01-V91.99,V01-V91.99
V13.62,V13.6,V13,V10-V19.99,V01-V91.99,V01-V91.99,V01-V91.99
V13.64,V13.6,V13,V10-V19.99,V01-V91.99,V01-V91.99,V01-V91.99
V60.6,V60,V60-V69.99,V01-V91.99,V01-V91.99,V01-V91.99,V01-V91.99
V71.9,V71,V70-V82.99,V01-V91.99,V01-V91.99,V01-V91.99,V01-V91.99
V06.5,V06,V01-V06.99,V01-V91.99,V01-V91.99,V01-V91.99,V01-V91.99
V23.87,V23.8,V23,V20-V29.99,V01-V91.99,V01-V91.99,V01-V91.99
V23.85,V23.8,V23,V20-V29.99,V01-V91.99,V01-V91.99,V01-V91.99
V58.31,V58.3,V58,V50-V59.99,V01-V91.99,V01-V91.99,V01-V91.99
V90.81,V90.8,V90,V90-V90.99,V01-V91.99,V01-V91.99,V01-V91.99
V76.44,V76.4,V76,V70-V82.99,V01-V91.99,V01-V91.99,V01-V91.99
V25.41,V25.4,V25,V20-V29.99,V01-V91.99,V01-V91.99,V01-V91.99
V45.59,V45.5,V45,V40-V49.99,V01-V91.99,V01-V91.99,V01-V91.99
V13.23,V13.2,V13,V10-V19.99,V01-V91.99,V01-V91.99,V01-V91.99
V10.20,V10.2,V10,V10-V19.99,V01-V91.99,V01-V91.99,V01-V91.99
V59.5,V59,V50-V59.99,V01-V91.99,V01-V91.99,V01-V91.99,V01-V91.99
V10.22,V10.2,V10,V10-V19.99,V01-V91.99,V01-V91.99,V01-V91.99
V88.21,V88.2,V88,V88-V88.99,V01-V91.99,V01-V91.99,V01-V91.99
V54.26,V54.2,V54,V50-V59.99,V01-V91.99,V01-V91.99,V01-V91.99
V56.2,V56,V50-V59.99,V01-V91.99,V01-V91.99,V01-V91.99,V01-V91.99
V76.0,V76,V70-V82.99,V01-V91.99,V01-V91.99,V01-V91.99,V01-V91.99
V23.9,V23,V20-V29.99,V01-V91.99,V01-V91.99,V01-V91.99,V01-V91.99
V13.67,V13.6,V13,V10-V19.99,V01-V91.99,V01-V91.99,V01-V91.99
V61.11,V61.1,V61,V60-V69.99,V01-V91.99,V01-V91.99,V01-V91.99
V07.59,V07.5,V07,V07-V09.99,V01-V91.99,V01-V91.99,V01-V91.99
V72.41,V72.4,V72,V70-V82.99,V01-V91.99,V01-V91.99,V01-V91.99
V61.41,V61.4,V61,V60-V69.99,V01-V91.99,V01-V91.99,V01-V91.99
V49.0,V49,V40-V49.99,V01-V91.99,V01-V91.99,V01-V91.99,V01-V91.99
V18.2,V18,V10-V19.99,V01-V91.99,V01-V91.99,V01-V91.99,V01-V91.99
V73.6,V73,V70-V82.99,V01-V91.99,V01-V91.99,V01-V91.99,V01-V91.99
V58.77,V58.7,V58,V50-V59.99,V01-V91.99,V01-V91.99,V01-V91.99
V58.75,V58.7,V58,V50-V59.99,V01-V91.99,V01-V91.99,V01-V91.99
V62.6,V62,V60-V69.99,V01-V91.99,V01-V91.99,V01-V91.99,V01-V91.99
V52.1,V52,V50-V59.99,V01-V91.99,V01-V91.99,V01-V91.99,V01-V91.99
V69.8,V69,V60-V69.99,V01-V91.99,V01-V91.99,V01-V91.99,V01-V91.99
V58.5,V58,V50-V59.99,V01-V91.99,V01-V91.99,V01-V91.99,V01-V91.99
V44.2,V44,V40-V49.99,V01-V91.99,V01-V91.99,V01-V91.99,V01-V91.99
V10.3,V10,V10-V19.99,V01-V91.99,V01-V91.99,V01-V91.99,V01-V91.99
V91.19,V91.1,V91,V91-V91.99,V01-V91.99,V01-V91.99,V01-V91.99
V27.7,V27,V20-V29.99,V01-V91.99,V01-V91.99,V01-V91.99,V01-V91.99
V02.1,V02,V01-V06.99,V01-V91.99,V01-V91.99,V01-V91.99,V01-V91.99
V13.4,V13,V10-V19.99,V01-V91.99,V01-V91.99,V01-V91.99,V01-V91.99
V25.9,V25,V20-V29.99,V01-V91.99,V01-V91.99,V01-V91.99,V01-V91.99
V76.51,V76.5,V76,V70-V82.99,V01-V91.99,V01-V91.99,V01-V91.99
V02.4,V02,V01-V06.99,V01-V91.99,V01-V91.99,V01-V91.99,V01-V91.99
V19.8,V19,V10-V19.99,V01-V91.99,V01-V91.99,V01-V91.99,V01-V91.99
V15.09,V15.0,V15,V10-V19.99,V01-V91.99,V01-V91.99,V01-V91.99
V13.02,V13.0,V13,V10-V19.99,V01-V91.99,V01-V91.99,V01-V91.99
V21.31,V21.3,V21,V20-V29.99,V01-V91.99,V01-V91.99,V01-V91.99
V53.99,V53.9,V53,V50-V59.99,V01-V91.99,V01-V91.99,V01-V91.99
V10.69,V10.6,V10,V10-V19.99,V01-V91.99,V01-V91.99,V01-V91.99
V77.7,V77,V70-V82.99,V01-V91.99,V01-V91.99,V01-V91.99,V01-V91.99
V04.4,V04,V01-V06.99,V01-V91.99,V01-V91.99,V01-V91.99,V01-V91.99
V72.9,V72,V70-V82.99,V01-V91.99,V01-V91.99,V01-V91.99,V01-V91.99
V61.20,V61.2,V61,V60-V69.99,V01-V91.99,V01-V91.99,V01-V91.99
V53.7,V53,V50-V59.99,V01-V91.99,V01-V91.99,V01-V91.99,V01-V91.99
V61.9,V61,V60-V69.99,V01-V91.99,V01-V91.99,V01-V91.99,V01-V91.99
V12.69,V12.6,V12,V10-V19.99,V01-V91.99,V01-V91.99,V01-V91.99
V11.9,V11,V10-V19.99,V01-V91.99,V01-V91.99,V01-V91.99,V01-V91.99
V15.41,V15.4,V15,V10-V19.99,V01-V91.99,V01-V91.99,V01-V91.99
V53.32,V53.3,V53,V50-V59.99,V01-V91.99,V01-V91.99,V01-V91.99
V48.0,V48,V40-V49.99,V01-V91.99,V01-V91.99,V01-V91.99,V01-V91.99
V59.3,V59,V50-V59.99,V01-V91.99,V01-V91.99,V01-V91.99,V01-V91.99
V10.04,V10.0,V10,V10-V19.99,V01-V91.99,V01-V91.99,V01-V91.99
V04.1,V04,V01-V06.99,V01-V91.99,V01-V91.99,V01-V91.99,V01-V91.99
V46.2,V46,V40-V49.99,V01-V91.99,V01-V91.99,V01-V91.99,V01-V91.99
V61.6,V61,V60-V69.99,V01-V91.99,V01-V91.99,V01-V91.99,V01-V91.99
V35.2,V35,V30-V39.99,V01-V91.99,V01-V91.99,V01-V91.99,V01-V91.99
V17.5,V17,V10-V19.99,V01-V91.99,V01-V91.99,V01-V91.99,V01-V91.99
V87.39,V87.3,V87,V87-V87.99,V01-V91.99,V01-V91.99,V01-V91.99
V30.01,V30.0,V30,V30-V39.99,V01-V91.99,V01-V91.99,V01-V91.99
V72.11,V72.1,V72,V70-V82.99,V01-V91.99,V01-V91.99,V01-V91.99
V09.80,V09.8,V09,V07-V09.99,V01-V91.99,V01-V91.99,V01-V91.99
V73.99,V73.9,V73,V70-V82.99,V01-V91.99,V01-V91.99,V01-V91.99
V15.7,V15,V10-V19.99,V01-V91.99,V01-V91.99,V01-V91.99,V01-V91.99
V67.2,V67,V60-V69.99,V01-V91.99,V01-V91.99,V01-V91.99,V01-V91.99
V10.90,V10.9,V10,V10-V19.99,V01-V91.99,V01-V91.99,V01-V91.99
V80.01,V80.0,V80,V70-V82.99,V01-V91.99,V01-V91.99,V01-V91.99
V36.00,V36.0,V36,V30-V39.99,V01-V91.99,V01-V91.99,V01-V91.99
V01.84,V01.8,V01,V01-V06.99,V01-V91.99,V01-V91.99,V01-V91.99
V18.59,V18.5,V18,V10-V19.99,V01-V91.99,V01-V91.99,V01-V91.99
V65.44,V65.4,V65,V60-V69.99,V01-V91.99,V01-V91.99,V01-V91.99
V27.4,V27,V20-V29.99,V01-V91.99,V01-V91.99,V01-V91.99,V01-V91.99
V86.0,V86,V86-V86.99,V01-V91.99,V01-V91.99,V01-V91.99,V01-V91.99
V15.05,V15.0,V15,V10-V19.99,V01-V91.99,V01-V91.99,V01-V91.99
V69.5,V69,V60-V69.99,V01-V91.99,V01-V91.99,V01-V91.99,V01-V91.99
V21.0,V21,V20-V29.99,V01-V91.99,V01-V91.99,V01-V91.99,V01-V91.99
V54.12,V54.1,V54,V50-V59.99,V01-V91.99,V01-V91.99,V01-V91.99
V55.2,V55,V50-V59.99,V01-V91.99,V01-V91.99,V01-V91.99,V01-V91.99
V61.25,V61.2,V61,V60-V69.99,V01-V91.99,V01-V91.99,V01-V91.99
V13.1,V13,V10-V19.99,V01-V91.99,V01-V91.99,V01-V91.99,V01-V91.99
V81.6,V81,V70-V82.99,V01-V91.99,V01-V91.99,V01-V91.99,V01-V91.99
V07.9,V07,V07-V09.99,V01-V91.99,V01-V91.99,V01-V91.99,V01-V91.99
V68.01,V68.0,V68,V60-V69.99,V01-V91.99,V01-V91.99,V01-V91.99
V72.85,V72.8,V72,V70-V82.99,V01-V91.99,V01-V91.99,V01-V91.99
V70.6,V70,V70-V82.99,V01-V91.99,V01-V91.99,V01-V91.99,V01-V91.99
V05.2,V05,V01-V06.99,V01-V91.99,V01-V91.99,V01-V91.99,V01-V91.99
V58.89,V58.8,V58,V50-V59.99,V01-V91.99,V01-V91.99,V01-V91.99
V69.2,V69,V60-V69.99,V01-V91.99,V01-V91.99,V01-V91.99,V01-V91.99
V26.21,V26.2,V26,V20-V29.99,V01-V91.99,V01-V91.99,V01-V91.99
V59.01,V59.0,V59,V50-V59.99,V01-V91.99,V01-V91.99,V01-V91.99
V64.00,V64.0,V64,V60-V69.99,V01-V91.99,V01-V91.99,V01-V91.99
V44.52,V44.5,V44,V40-V49.99,V01-V91.99,V01-V91.99,V01-V91.99
V53.02,V53.0,V53,V50-V59.99,V01-V91.99,V01-V91.99,V01-V91.99
V14.7,V14,V10-V19.99,V01-V91.99,V01-V91.99,V01-V91.99,V01-V91.99
V49.74,V49.7,V49,V40-V49.99,V01-V91.99,V01-V91.99,V01-V91.99
V17.2,V17,V10-V19.99,V01-V91.99,V01-V91.99,V01-V91.99,V01-V91.99
V16.42,V16.4,V16,V10-V19.99,V01-V91.99,V01-V91.99,V01-V91.99
V15.1,V15,V10-V19.99,V01-V91.99,V01-V91.99,V01-V91.99,V01-V91.99
V87.09,V87.0,V87,V87-V87.99,V01-V91.99,V01-V91.99,V01-V91.99
V09.0,V09,V07-V09.99,V01-V91.99,V01-V91.99,V01-V91.99,V01-V91.99
V61.3,V61,V60-V69.99,V01-V91.99,V01-V91.99,V01-V91.99,V01-V91.99
V10.11,V10.1,V10,V10-V19.99,V01-V91.99,V01-V91.99,V01-V91.99
V41.8,V41,V40-V49.99,V01-V91.99,V01-V91.99,V01-V91.99,V01-V91.99
V10.43,V10.4,V10,V10-V19.99,V01-V91.99,V01-V91.99,V01-V91.99
V54.23,V54.2,V54,V50-V59.99,V01-V91.99,V01-V91.99,V01-V91.99
V54.21,V54.2,V54,V50-V59.99,V01-V91.99,V01-V91.99,V01-V91.99
V57.89,V57.8,V57,V50-V59.99,V01-V91.99,V01-V91.99,V01-V91.99
V23.41,V23.4,V23,V20-V29.99,V01-V91.99,V01-V91.99,V01-V91.99
V10.87,V10.8,V10,V10-V19.99,V01-V91.99,V01-V91.99,V01-V91.99
V89.09,V89.0,V89,V89-V89.99,V01-V91.99,V01-V91.99,V01-V91.99
V12.41,V12.4,V12,V10-V19.99,V01-V91.99,V01-V91.99,V01-V91.99
V79.8,V79,V70-V82.99,V01-V91.99,V01-V91.99,V01-V91.99,V01-V91.99
V20.0,V20,V20-V29.99,V01-V91.99,V01-V91.99,V01-V91.99,V01-V91.99
V15.53,V15.5,V15,V10-V19.99,V01-V91.99,V01-V91.99,V01-V91.99
V66.7,V66,V60-V69.99,V01-V91.99,V01-V91.99,V01-V91.99,V01-V91.99
V58.66,V58.6,V58,V50-V59.99,V01-V91.99,V01-V91.99,V01-V91.99
V10.48,V10.4,V10,V10-V19.99,V01-V91.99,V01-V91.99,V01-V91.99
V16.7,V16,V10-V19.99,V01-V91.99,V01-V91.99,V01-V91.99,V01-V91.99
V08,V07-V09.99,V01-V91.99,V01-V91.99,V01-V91.99,V01-V91.99,V01-V91.99
V18.8,V18,V10-V19.99,V01-V91.99,V01-V91.99,V01-V91.99,V01-V91.99
V01.1,V01,V01-V06.99,V01-V91.99,V01-V91.99,V01-V91.99,V01-V91.99
V15.03,V15.0,V15,V10-V19.99,V01-V91.99,V01-V91.99,V01-V91.99
V70.0,V70,V70-V82.99,V01-V91.99,V01-V91.99,V01-V91.99,V01-V91.99
V24.1,V24,V20-V29.99,V01-V91.99,V01-V91.99,V01-V91.99,V01-V91.99
V53.91,V53.9,V53,V50-V59.99,V01-V91.99,V01-V91.99,V01-V91.99
V81.3,V81,V70-V82.99,V01-V91.99,V01-V91.99,V01-V91.99,V01-V91.99
V62.1,V62,V60-V69.99,V01-V91.99,V01-V91.99,V01-V91.99,V01-V91.99
V70.3,V70,V70-V82.99,V01-V91.99,V01-V91.99,V01-V91.99,V01-V91.99
V16.2,V16,V10-V19.99,V01-V91.99,V01-V91.99,V01-V91.99,V01-V91.99
V73.4,V73,V70-V82.99,V01-V91.99,V01-V91.99,V01-V91.99,V01-V91.99
V10.09,V10.0,V10,V10-V19.99,V01-V91.99,V01-V91.99,V01-V91.99
V10.07,V10.0,V10,V10-V19.99,V01-V91.99,V01-V91.99,V01-V91.99
V84.02,V84.0,V84,V83-V84.99,V01-V91.99,V01-V91.99,V01-V91.99
V42.6,V42,V40-V49.99,V01-V91.99,V01-V91.99,V01-V91.99,V01-V91.99
V09.51,V09.5,V09,V07-V09.99,V01-V91.99,V01-V91.99,V01-V91.99
V44.9,V44,V40-V49.99,V01-V91.99,V01-V91.99,V01-V91.99,V01-V91.99
V02.8,V02,V01-V06.99,V01-V91.99,V01-V91.99,V01-V91.99,V01-V91.99
V72.69,V72.6,V72,V70-V82.99,V01-V91.99,V01-V91.99,V01-V91.99
V15.49,V15.4,V15,V10-V19.99,V01-V91.99,V01-V91.99,V01-V91.99
V40.31,V40.3,V40,V40-V49.99,V01-V91.99,V01-V91.99,V01-V91.99
V15.88,V15.8,V15,V10-V19.99,V01-V91.99,V01-V91.99,V01-V91.99
V49.81,V49.8,V49,V40-V49.99,V01-V91.99,V01-V91.99,V01-V91.99
V49.83,V49.8,V49,V40-V49.99,V01-V91.99,V01-V91.99,V01-V91.99
V59.09,V59.0,V59,V50-V59.99,V01-V91.99,V01-V91.99,V01-V91.99
V64.1,V64,V60-V69.99,V01-V91.99,V01-V91.99,V01-V91.99,V01-V91.99
V75.4,V75,V70-V82.99,V01-V91.99,V01-V91.99,V01-V91.99,V01-V91.99
V41.5,V41,V40-V49.99,V01-V91.99,V01-V91.99,V01-V91.99,V01-V91.99
V26.35,V26.3,V26,V20-V29.99,V01-V91.99,V01-V91.99,V01-V91.99
V44.6,V44,V40-V49.99,V01-V91.99,V01-V91.99,V01-V91.99,V01-V91.99
V75.7,V75,V70-V82.99,V01-V91.99,V01-V91.99,V01-V91.99,V01-V91.99
V88.12,V88.1,V88,V88-V88.99,V01-V91.99,V01-V91.99,V01-V91.99
V43.82,V43.8,V43,V40-V49.99,V01-V91.99,V01-V91.99,V01-V91.99
V54.17,V54.1,V54,V50-V59.99,V01-V91.99,V01-V91.99,V01-V91.99
V61.04,V61.0,V61,V60-V69.99,V01-V91.99,V01-V91.99,V01-V91.99
V61.02,V61.0,V61,V60-V69.99,V01-V91.99,V01-V91.99,V01-V91.99
V72.32,V72.3,V72,V70-V82.99,V01-V91.99,V01-V91.99,V01-V91.99
V79.2,V79,V70-V82.99,V01-V91.99,V01-V91.99,V01-V91.99,V01-V91.99
V60.81,V60.8,V60,V60-V69.99,V01-V91.99,V01-V91.99,V01-V91.99
V68.2,V68,V60-V69.99,V01-V91.99,V01-V91.99,V01-V91.99,V01-V91.99
V66.4,V66,V60-V69.99,V01-V91.99,V01-V91.99,V01-V91.99,V01-V91.99
V15.21,V15.2,V15,V10-V19.99,V01-V91.99,V01-V91.99,V01-V91.99
V45.82,V45.8,V45,V40-V49.99,V01-V91.99,V01-V91.99,V01-V91.99
V48.7,V48,V40-V49.99,V01-V91.99,V01-V91.99,V01-V91.99,V01-V91.99
V23.1,V23,V20-V29.99,V01-V91.99,V01-V91.99,V01-V91.99,V01-V91.99
V76.49,V76.4,V76,V70-V82.99,V01-V91.99,V01-V91.99,V01-V91.99
V12.1,V12,V10-V19.99,V01-V91.99,V01-V91.99,V01-V91.99,V01-V91.99
V37.00,V37.0,V37,V30-V39.99,V01-V91.99,V01-V91.99,V01-V91.99
V49.86,V49.8,V49,V40-V49.99,V01-V91.99,V01-V91.99,V01-V91.99
V46.9,V46,V40-V49.99,V01-V91.99,V01-V91.99,V01-V91.99,V01-V91.99
V29.8,V29,V20-V29.99,V01-V91.99,V01-V91.99,V01-V91.99,V01-V91.99
V59.71,V59.7,V59,V50-V59.99,V01-V91.99,V01-V91.99,V01-V91.99
V68.89,V68.8,V68,V60-V69.99,V01-V91.99,V01-V91.99,V01-V91.99
V01.81,V01.8,V01,V01-V06.99,V01-V91.99,V01-V91.99,V01-V91.99
V82.6,V82,V70-V82.99,V01-V91.99,V01-V91.99,V01-V91.99,V01-V91.99
V46.11,V46.1,V46,V40-V49.99,V01-V91.99,V01-V91.99,V01-V91.99
V87.12,V87.1,V87,V87-V87.99,V01-V91.99,V01-V91.99,V01-V91.99
V45.85,V45.8,V45,V40-V49.99,V01-V91.99,V01-V91.99,V01-V91.99
V76.12,V76.1,V76,V70-V82.99,V01-V91.99,V01-V91.99,V01-V91.99
V87.44,V87.4,V87,V87-V87.99,V01-V91.99,V01-V91.99,V01-V91.99
V06.2,V06,V01-V06.99,V01-V91.99,V01-V91.99,V01-V91.99,V01-V91.99
V43.22,V43.2,V43,V40-V49.99,V01-V91.99,V01-V91.99,V01-V91.99
V85.32,V85.3,V85,V85-V85.99,V01-V91.99,V01-V91.99,V01-V91.99
V12.55,V12.5,V12,V10-V19.99,V01-V91.99,V01-V91.99,V01-V91.99
V62.81,V62.8,V62,V60-V69.99,V01-V91.99,V01-V91.99,V01-V91.99
V58.0,V58,V50-V59.99,V01-V91.99,V01-V91.99,V01-V91.99,V01-V91.99
V13.00,V13.0,V13,V10-V19.99,V01-V91.99,V01-V91.99,V01-V91.99
V71.3,V71,V70-V82.99,V01-V91.99,V01-V91.99,V01-V91.99,V01-V91.99
V60.0,V60,V60-V69.99,V01-V91.99,V01-V91.99,V01-V91.99,V01-V91.99
V90.10,V90.1,V90,V90-V90.99,V01-V91.99,V01-V91.99,V01-V91.99
V45.76,V45.7,V45,V40-V49.99,V01-V91.99,V01-V91.99,V01-V91.99
V64.08,V64.0,V64,V60-V69.99,V01-V91.99,V01-V91.99,V01-V91.99
V61.07,V61.0,V61,V60-V69.99,V01-V91.99,V01-V91.99,V01-V91.99
V51.8,V51,V50-V59.99,V01-V91.99,V01-V91.99,V01-V91.99,V01-V91.99
V04.82,V04.8,V04,V01-V06.99,V01-V91.99,V01-V91.99,V01-V91.99
V05.9,V05,V01-V06.99,V01-V91.99,V01-V91.99,V01-V91.99,V01-V91.99
V85.23,V85.2,V85,V85-V85.99,V01-V91.99,V01-V91.99,V01-V91.99
V82.9,V82,V70-V82.99,V01-V91.99,V01-V91.99,V01-V91.99,V01-V91.99
V87.42,V87.4,V87,V87-V87.99,V01-V91.99,V01-V91.99,V01-V91.99
V86.1,V86,V86-V86.99,V01-V91.99,V01-V91.99,V01-V91.99,V01-V91.99
V69.0,V69,V60-V69.99,V01-V91.99,V01-V91.99,V01-V91.99,V01-V91.99
V75.1,V75,V70-V82.99,V01-V91.99,V01-V91.99,V01-V91.99,V01-V91.99
V77.2,V77,V70-V82.99,V01-V91.99,V01-V91.99,V01-V91.99,V01-V91.99
V57.4,V57,V50-V59.99,V01-V91.99,V01-V91.99,V01-V91.99,V01-V91.99
V44.3,V44,V40-V49.99,V01-V91.99,V01-V91.99,V01-V91.99,V01-V91.99
V54.82,V54.8,V54,V50-V59.99,V01-V91.99,V01-V91.99,V01-V91.99
V27.2,V27,V20-V29.99,V01-V91.99,V01-V91.99,V01-V91.99,V01-V91.99
V49.5,V49,V40-V49.99,V01-V91.99,V01-V91.99,V01-V91.99,V01-V91.99
V12.72,V12.7,V12,V10-V19.99,V01-V91.99,V01-V91.99,V01-V91.99
V12.70,V12.7,V12,V10-V19.99,V01-V91.99,V01-V91.99,V01-V91.99
V16.52,V16.5,V16,V10-V19.99,V01-V91.99,V01-V91.99,V01-V91.99
V59.4,V59,V50-V59.99,V01-V91.99,V01-V91.99,V01-V91.99,V01-V91.99
V46.14,V46.1,V46,V40-V49.99,V01-V91.99,V01-V91.99,V01-V91.99
V58.62,V58.6,V58,V50-V59.99,V01-V91.99,V01-V91.99,V01-V91.99
V10.12,V10.1,V10,V10-V19.99,V01-V91.99,V01-V91.99,V01-V91.99
V09.71,V09.7,V09,V07-V09.99,V01-V91.99,V01-V91.99,V01-V91.99
V48.4,V48,V40-V49.99,V01-V91.99,V01-V91.99,V01-V91.99,V01-V91.99
V87.49,V87.4,V87,V87-V87.99,V01-V91.99,V01-V91.99,V01-V91.99
V17.6,V17,V10-V19.99,V01-V91.99,V01-V91.99,V01-V91.99,V01-V91.99
V02.54,V02.5,V02,V01-V06.99,V01-V91.99,V01-V91.99,V01-V91.99
V02.52,V02.5,V02,V01-V06.99,V01-V91.99,V01-V91.99,V01-V91.99
V76.47,V76.4,V76,V70-V82.99,V01-V91.99,V01-V91.99,V01-V91.99
V29.2,V29,V20-V29.99,V01-V91.99,V01-V91.99,V01-V91.99,V01-V91.99
V80.3,V80,V70-V82.99,V01-V91.99,V01-V91.99,V01-V91.99,V01-V91.99
V10.81,V10.8,V10,V10-V19.99,V01-V91.99,V01-V91.99,V01-V91.99
V89.03,V89.0,V89,V89-V89.99,V01-V91.99,V01-V91.99,V01-V91.99
V89.01,V89.0,V89,V89-V89.99,V01-V91.99,V01-V91.99,V01-V91.99
V26.49,V26.4,V26,V20-V29.99,V01-V91.99,V01-V91.99,V01-V91.99
V83.02,V83.0,V83,V83-V84.99,V01-V91.99,V01-V91.99,V01-V91.99
V45.11,V45.1,V45,V40-V49.99,V01-V91.99,V01-V91.99,V01-V91.99
V39.01,V39.0,V39,V30-V39.99,V01-V91.99,V01-V91.99,V01-V91.99
V63.1,V63,V60-V69.99,V01-V91.99,V01-V91.99,V01-V91.99,V01-V91.99
V74.4,V74,V70-V82.99,V01-V91.99,V01-V91.99,V01-V91.99,V01-V91.99
V57.9,V57,V50-V59.99,V01-V91.99,V01-V91.99,V01-V91.99,V01-V91.99
V42.84,V42.8,V42,V40-V49.99,V01-V91.99,V01-V91.99,V01-V91.99
V42.82,V42.8,V42,V40-V49.99,V01-V91.99,V01-V91.99,V01-V91.99
V01.5,V01,V01-V06.99,V01-V91.99,V01-V91.99,V01-V91.99,V01-V91.99
V35.00,V35.0,V35,V30-V39.99,V01-V91.99,V01-V91.99,V01-V91.99
V85.41,V85.4,V85,V85-V85.99,V01-V91.99,V01-V91.99,V01-V91.99
V49.60,V49.6,V49,V40-V49.99,V01-V91.99,V01-V91.99,V01-V91.99
V82.0,V82,V70-V82.99,V01-V91.99,V01-V91.99,V01-V91.99,V01-V91.99
V82.3,V82,V70-V82.99,V01-V91.99,V01-V91.99,V01-V91.99,V01-V91.99
V23.81,V23.8,V23,V20-V29.99,V01-V91.99,V01-V91.99,V01-V91.99
V43.61,V43.6,V43,V40-V49.99,V01-V91.99,V01-V91.99,V01-V91.99
V50.42,V50.4,V50,V50-V59.99,V01-V91.99,V01-V91.99,V01-V91.99
V74.1,V74,V70-V82.99,V01-V91.99,V01-V91.99,V01-V91.99,V01-V91.99
V19.0,V19,V10-V19.99,V01-V91.99,V01-V91.99,V01-V91.99,V01-V91.99
V68.9,V68,V60-V69.99,V01-V91.99,V01-V91.99,V01-V91.99,V01-V91.99
V58.71,V58.7,V58,V50-V59.99,V01-V91.99,V01-V91.99,V01-V91.99
V06.9,V06,V01-V06.99,V01-V91.99,V01-V91.99,V01-V91.99,V01-V91.99
V67.59,V67.5,V67,V60-V69.99,V01-V91.99,V01-V91.99,V01-V91.99
V71.02,V71.0,V71,V70-V82.99,V01-V91.99,V01-V91.99,V01-V91.99
V78.2,V78,V70-V82.99,V01-V91.99,V01-V91.99,V01-V91.99,V01-V91.99
V47.4,V47,V40-V49.99,V01-V91.99,V01-V91.99,V01-V91.99,V01-V91.99
V10.60,V10.6,V10,V10-V19.99,V01-V91.99,V01-V91.99,V01-V91.99
V49.65,V49.6,V49,V40-V49.99,V01-V91.99,V01-V91.99,V01-V91.99
V85.44,V85.4,V85,V85-V85.99,V01-V91.99,V01-V91.99,V01-V91.99
V28.2,V28,V20-V29.99,V01-V91.99,V01-V91.99,V01-V91.99,V01-V91.99
V43.66,V43.6,V43,V40-V49.99,V01-V91.99,V01-V91.99,V01-V91.99
V43.64,V43.6,V43,V40-V49.99,V01-V91.99,V01-V91.99,V01-V91.99
V88.03,V88.0,V88,V88-V88.99,V01-V91.99,V01-V91.99,V01-V91.99
V28.5,V28,V20-V29.99,V01-V91.99,V01-V91.99,V01-V91.99,V01-V91.99
V21.34,V21.3,V21,V20-V29.99,V01-V91.99,V01-V91.99,V01-V91.99
V22.1,V22,V20-V29.99,V01-V91.99,V01-V91.99,V01-V91.99,V01-V91.99
V91.10,V91.1,V91,V91-V91.99,V01-V91.99,V01-V91.99,V01-V91.99
V10.21,V10.2,V10,V10-V19.99,V01-V91.99,V01-V91.99,V01-V91.99
V85.37,V85.3,V85,V85-V85.99,V01-V91.99,V01-V91.99,V01-V91.99
V85.35,V85.3,V85,V85-V85.99,V01-V91.99,V01-V91.99,V01-V91.99
V41.0,V41,V40-V49.99,V01-V91.99,V01-V91.99,V01-V91.99,V01-V91.99
V09.4,V09,V07-V09.99,V01-V91.99,V01-V91.99,V01-V91.99,V01-V91.99
V10.51,V10.5,V10,V10-V19.99,V01-V91.99,V01-V91.99,V01-V91.99
V10.89,V10.8,V10,V10-V19.99,V01-V91.99,V01-V91.99,V01-V91.99
V13.63,V13.6,V13,V10-V19.99,V01-V91.99,V01-V91.99,V01-V91.99
V13.61,V13.6,V13,V10-V19.99,V01-V91.99,V01-V91.99,V01-V91.99
V62.84,V62.8,V62,V60-V69.99,V01-V91.99,V01-V91.99,V01-V91.99
V52.3,V52,V50-V59.99,V01-V91.99,V01-V91.99,V01-V91.99,V01-V91.99
V91.01,V91.0,V91,V91-V91.99,V01-V91.99,V01-V91.99,V01-V91.99
V27.9,V27,V20-V29.99,V01-V91.99,V01-V91.99,V01-V91.99,V01-V91.99
V02.61,V02.6,V02,V01-V06.99,V01-V91.99,V01-V91.99,V01-V91.99
V41.3,V41,V40-V49.99,V01-V91.99,V01-V91.99,V01-V91.99,V01-V91.99
V58.32,V58.3,V58,V50-V59.99,V01-V91.99,V01-V91.99,V01-V91.99
V58.30,V58.3,V58,V50-V59.99,V01-V91.99,V01-V91.99,V01-V91.99
V76.43,V76.4,V76,V70-V82.99,V01-V91.99,V01-V91.99,V01-V91.99
V77.91,V77.9,V77,V70-V82.99,V01-V91.99,V01-V91.99,V01-V91.99
V43.3,V43,V40-V49.99,V01-V91.99,V01-V91.99,V01-V91.99,V01-V91.99
V58.76,V58.7,V58,V50-V59.99,V01-V91.99,V01-V91.99,V01-V91.99
V58.74,V58.7,V58,V50-V59.99,V01-V91.99,V01-V91.99,V01-V91.99
V66.2,V66,V60-V69.99,V01-V91.99,V01-V91.99,V01-V91.99,V01-V91.99
V29.9,V29,V20-V29.99,V01-V91.99,V01-V91.99,V01-V91.99,V01-V91.99
V35.1,V35,V30-V39.99,V01-V91.99,V01-V91.99,V01-V91.99,V01-V91.99
V15.6,V15,V10-V19.99,V01-V91.99,V01-V91.99,V01-V91.99,V01-V91.99
V18.9,V18,V10-V19.99,V01-V91.99,V01-V91.99,V01-V91.99,V01-V91.99
V03.82,V03.8,V03,V01-V06.99,V01-V91.99,V01-V91.99,V01-V91.99
V04.6,V04,V01-V06.99,V01-V91.99,V01-V91.99,V01-V91.99,V01-V91.99
V61.8,V61,V60-V69.99,V01-V91.99,V01-V91.99,V01-V91.99,V01-V91.99
V72.42,V72.4,V72,V70-V82.99,V01-V91.99,V01-V91.99,V01-V91.99
V50.8,V50,V50-V59.99,V01-V91.99,V01-V91.99,V01-V91.99,V01-V91.99
V17.41,V17.4,V17,V10-V19.99,V01-V91.99,V01-V91.99,V01-V91.99
V61.42,V61.4,V61,V60-V69.99,V01-V91.99,V01-V91.99,V01-V91.99
V43.69,V43.6,V43,V40-V49.99,V01-V91.99,V01-V91.99,V01-V91.99
V85.1,V85,V85-V85.99,V01-V91.99,V01-V91.99,V01-V91.99,V01-V91.99
V87.2,V87,V87-V87.99,V01-V91.99,V01-V91.99,V01-V91.99,V01-V91.99
V43.0,V43,V40-V49.99,V01-V91.99,V01-V91.99,V01-V91.99,V01-V91.99
V01.89,V01.8,V01,V01-V06.99,V01-V91.99,V01-V91.99,V01-V91.99
V15.08,V15.0,V15,V10-V19.99,V01-V91.99,V01-V91.99,V01-V91.99
V13.01,V13.0,V13,V10-V19.99,V01-V91.99,V01-V91.99,V01-V91.99
V90.01,V90.0,V90,V90-V90.99,V01-V91.99,V01-V91.99,V01-V91.99
V65.49,V65.4,V65,V60-V69.99,V01-V91.99,V01-V91.99,V01-V91.99
V45.69,V45.6,V45,V40-V49.99,V01-V91.99,V01-V91.99,V01-V91.99
V90.31,V90.3,V90,V90-V90.99,V01-V91.99,V01-V91.99,V01-V91.99
V26.52,V26.5,V26,V20-V29.99,V01-V91.99,V01-V91.99,V01-V91.99
V47.1,V47,V40-V49.99,V01-V91.99,V01-V91.99,V01-V91.99,V01-V91.99
V44.50,V44.5,V44,V40-V49.99,V01-V91.99,V01-V91.99,V01-V91.99
V26.82,V26.8,V26,V20-V29.99,V01-V91.99,V01-V91.99,V01-V91.99
V85.53,V85.5,V85,V85-V85.99,V01-V91.99,V01-V91.99,V01-V91.99
V39.2,V39,V30-V39.99,V01-V91.99,V01-V91.99,V01-V91.99,V01-V91.99
V63.8,V63,V60-V69.99,V01-V91.99,V01-V91.99,V01-V91.99,V01-V91.99
V06.6,V06,V01-V06.99,V01-V91.99,V01-V91.99,V01-V91.99,V01-V91.99
V52.8,V52,V50-V59.99,V01-V91.99,V01-V91.99,V01-V91.99,V01-V91.99
V76.52,V76.5,V76,V70-V82.99,V01-V91.99,V01-V91.99,V01-V91.99
V76.50,V76.5,V76,V70-V82.99,V01-V91.99,V01-V91.99,V01-V91.99
V78.9,V78,V70-V82.99,V01-V91.99,V01-V91.99,V01-V91.99,V01-V91.99
V58.83,V58.8,V58,V50-V59.99,V01-V91.99,V01-V91.99,V01-V91.99
V50.2,V50,V50-V59.99,V01-V91.99,V01-V91.99,V01-V91.99,V01-V91.99
V67.9,V67,V60-V69.99,V01-V91.99,V01-V91.99,V01-V91.99,V01-V91.99
V73.1,V73,V70-V82.99,V01-V91.99,V01-V91.99,V01-V91.99,V01-V91.99
V64.05,V64.0,V64,V60-V69.99,V01-V91.99,V01-V91.99,V01-V91.99
V42.3,V42,V40-V49.99,V01-V91.99,V01-V91.99,V01-V91.99,V01-V91.99
V45.73,V45.7,V45,V40-V49.99,V01-V91.99,V01-V91.99,V01-V91.99
V45.71,V45.7,V45,V40-V49.99,V01-V91.99,V01-V91.99,V01-V91.99
V49.77,V49.7,V49,V40-V49.99,V01-V91.99,V01-V91.99,V01-V91.99
V10.72,V10.7,V10,V10-V19.99,V01-V91.99,V01-V91.99,V01-V91.99
V26.29,V26.2,V26,V20-V29.99,V01-V91.99,V01-V91.99,V01-V91.99
V45.02,V45.0,V45,V40-V49.99,V01-V91.99,V01-V91.99,V01-V91.99
V91.22,V91.2,V91,V91-V91.99,V01-V91.99,V01-V91.99,V01-V91.99
V53.31,V53.3,V53,V50-V59.99,V01-V91.99,V01-V91.99,V01-V91.99
V03.6,V03,V01-V06.99,V01-V91.99,V01-V91.99,V01-V91.99,V01-V91.99
V81.0,V81,V70-V82.99,V01-V91.99,V01-V91.99,V01-V91.99,V01-V91.99
V48.2,V48,V40-V49.99,V01-V91.99,V01-V91.99,V01-V91.99,V01-V91.99
V61.5,V61,V60-V69.99,V01-V91.99,V01-V91.99,V01-V91.99,V01-V91.99
V04.0,V04,V01-V06.99,V01-V91.99,V01-V91.99,V01-V91.99,V01-V91.99
V15.3,V15,V10-V19.99,V01-V91.99,V01-V91.99,V01-V91.99,V01-V91.99
V04.3,V04,V01-V06.99,V01-V91.99,V01-V91.99,V01-V91.99,V01-V91.99
V73.98,V73.9,V73,V70-V82.99,V01-V91.99,V01-V91.99,V01-V91.99
V61.10,V61.1,V61,V60-V69.99,V01-V91.99,V01-V91.99,V01-V91.99
V10.63,V10.6,V10,V10-V19.99,V01-V91.99,V01-V91.99,V01-V91.99
V12.59,V12.5,V12,V10-V19.99,V01-V91.99,V01-V91.99,V01-V91.99
V53.6,V53,V50-V59.99,V01-V91.99,V01-V91.99,V01-V91.99,V01-V91.99
V72.40,V72.4,V72,V70-V82.99,V01-V91.99,V01-V91.99,V01-V91.99
V83.81,V83.8,V83,V83-V84.99,V01-V91.99,V01-V91.99,V01-V91.99
V72.81,V72.8,V72,V70-V82.99,V01-V91.99,V01-V91.99,V01-V91.99
V11.8,V11,V10-V19.99,V01-V91.99,V01-V91.99,V01-V91.99,V01-V91.99
V17.1,V17,V10-V19.99,V01-V91.99,V01-V91.99,V01-V91.99,V01-V91.99
V59.2,V59,V50-V59.99,V01-V91.99,V01-V91.99,V01-V91.99,V01-V91.99
V58.44,V58.4,V58,V50-V59.99,V01-V91.99,V01-V91.99,V01-V91.99
V55.9,V55,V50-V59.99,V01-V91.99,V01-V91.99,V01-V91.99,V01-V91.99
V90.39,V90.3,V90,V90-V90.99,V01-V91.99,V01-V91.99,V01-V91.99
V19.4,V19,V10-V19.99,V01-V91.99,V01-V91.99,V01-V91.99,V01-V91.99
V74.8,V74,V70-V82.99,V01-V91.99,V01-V91.99,V01-V91.99,V01-V91.99
V58.49,V58.4,V58,V50-V59.99,V01-V91.99,V01-V91.99,V01-V91.99
V72.86,V72.8,V72,V70-V82.99,V01-V91.99,V01-V91.99,V01-V91.99
V72.84,V72.8,V72,V70-V82.99,V01-V91.99,V01-V91.99,V01-V91.99
V51.0,V51,V50-V59.99,V01-V91.99,V01-V91.99,V01-V91.99,V01-V91.99
V12.61,V12.6,V12,V10-V19.99,V01-V91.99,V01-V91.99,V01-V91.99
V40.0,V40,V40-V49.99,V01-V91.99,V01-V91.99,V01-V91.99,V01-V91.99
V66.9,V66,V60-V69.99,V01-V91.99,V01-V91.99,V01-V91.99,V01-V91.99
V55.6,V55,V50-V59.99,V01-V91.99,V01-V91.99,V01-V91.99,V01-V91.99
V16.43,V16.4,V16,V10-V19.99,V01-V91.99,V01-V91.99,V01-V91.99
V16.41,V16.4,V16,V10-V19.99,V01-V91.99,V01-V91.99,V01-V91.99
V42.0,V42,V40-V49.99,V01-V91.99,V01-V91.99,V01-V91.99,V01-V91.99
V23.49,V23.4,V23,V20-V29.99,V01-V91.99,V01-V91.99,V01-V91.99
V71.81,V71.8,V71,V70-V82.99,V01-V91.99,V01-V91.99,V01-V91.99
V11.2,V11,V10-V19.99,V01-V91.99,V01-V91.99,V01-V91.99,V01-V91.99
V10.42,V10.4,V10,V10-V19.99,V01-V91.99,V01-V91.99,V01-V91.99
V34.1,V34,V30-V39.99,V01-V91.99,V01-V91.99,V01-V91.99,V01-V91.99
V28.9,V28,V20-V29.99,V01-V91.99,V01-V91.99,V01-V91.99,V01-V91.99
V03.3,V03,V01-V06.99,V01-V91.99,V01-V91.99,V01-V91.99,V01-V91.99
V45.4,V45,V40-V49.99,V01-V91.99,V01-V91.99,V01-V91.99,V01-V91.99
V14.6,V14,V10-V19.99,V01-V91.99,V01-V91.99,V01-V91.99,V01-V91.99
V10.03,V10.0,V10,V10-V19.99,V01-V91.99,V01-V91.99,V01-V91.99
V10.01,V10.0,V10,V10-V19.99,V01-V91.99,V01-V91.99,V01-V91.99
V15.82,V15.8,V15,V10-V19.99,V01-V91.99,V01-V91.99,V01-V91.99
V05.3,V05,V01-V06.99,V01-V91.99,V01-V91.99,V01-V91.99,V01-V91.99
V16.6,V16,V10-V19.99,V01-V91.99,V01-V91.99,V01-V91.99,V01-V91.99
V10.47,V10.4,V10,V10-V19.99,V01-V91.99,V01-V91.99,V01-V91.99
V10.45,V10.4,V10,V10-V19.99,V01-V91.99,V01-V91.99,V01-V91.99
V12.01,V12.0,V12,V10-V19.99,V01-V91.99,V01-V91.99,V01-V91.99
V57.1,V57,V50-V59.99,V01-V91.99,V01-V91.99,V01-V91.99,V01-V91.99
V56.32,V56.3,V56,V50-V59.99,V01-V91.99,V01-V91.99,V01-V91.99
V13.89,V13.8,V13,V10-V19.99,V01-V91.99,V01-V91.99,V01-V91.99
V54.9,V54,V50-V59.99,V01-V91.99,V01-V91.99,V01-V91.99,V01-V91.99
V90.89,V90.8,V90,V90-V90.99,V01-V91.99,V01-V91.99,V01-V91.99
V25.49,V25.4,V25,V20-V29.99,V01-V91.99,V01-V91.99,V01-V91.99
V73.81,V73.8,V73,V70-V82.99,V01-V91.99,V01-V91.99,V01-V91.99
V72.63,V72.6,V72,V70-V82.99,V01-V91.99,V01-V91.99,V01-V91.99
V10.86,V10.8,V10,V10-V19.99,V01-V91.99,V01-V91.99,V01-V91.99
V12.40,V12.4,V12,V10-V19.99,V01-V91.99,V01-V91.99,V01-V91.99
V59.74,V59.7,V59,V50-V59.99,V01-V91.99,V01-V91.99,V01-V91.99
V49.2,V49,V40-V49.99,V01-V91.99,V01-V91.99,V01-V91.99,V01-V91.99
V07.1,V07,V07-V09.99,V01-V91.99,V01-V91.99,V01-V91.99,V01-V91.99
V36.1,V36,V30-V39.99,V01-V91.99,V01-V91.99,V01-V91.99,V01-V91.99
V18.4,V18,V10-V19.99,V01-V91.99,V01-V91.99,V01-V91.99,V01-V91.99
V70.7,V70,V70-V82.99,V01-V91.99,V01-V91.99,V01-V91.99,V01-V91.99
V07.4,V07,V07-V09.99,V01-V91.99,V01-V91.99,V01-V91.99,V01-V91.99
V88.29,V88.2,V88,V88-V88.99,V01-V91.99,V01-V91.99,V01-V91.99
V01.0,V01,V01-V06.99,V01-V91.99,V01-V91.99,V01-V91.99,V01-V91.99
V18.7,V18,V10-V19.99,V01-V91.99,V01-V91.99,V01-V91.99,V01-V91.99
V16.9,V16,V10-V19.99,V01-V91.99,V01-V91.99,V01-V91.99,V01-V91.99
V65.11,V65.1,V65,V60-V69.99,V01-V91.99,V01-V91.99,V01-V91.99
V15.04,V15.0,V15,V10-V19.99,V01-V91.99,V01-V91.99,V01-V91.99
V15.02,V15.0,V15,V10-V19.99,V01-V91.99,V01-V91.99,V01-V91.99
V53.90,V53.9,V53,V50-V59.99,V01-V91.99,V01-V91.99,V01-V91.99
V54.13,V54.1,V54,V50-V59.99,V01-V91.99,V01-V91.99,V01-V91.99
V54.11,V54.1,V54,V50-V59.99,V01-V91.99,V01-V91.99,V01-V91.99
V40.39,V40.3,V40,V40-V49.99,V01-V91.99,V01-V91.99,V01-V91.99
V65.43,V65.4,V65,V60-V69.99,V01-V91.99,V01-V91.99,V01-V91.99
V65.41,V65.4,V65,V60-V69.99,V01-V91.99,V01-V91.99,V01-V91.99
V61.22,V61.2,V61,V60-V69.99,V01-V91.99,V01-V91.99,V01-V91.99
V61.24,V61.2,V61,V60-V69.99,V01-V91.99,V01-V91.99,V01-V91.99
V90.09,V90.0,V90,V90-V90.99,V01-V91.99,V01-V91.99,V01-V91.99
V48.9,V48,V40-V49.99,V01-V91.99,V01-V91.99,V01-V91.99,V01-V91.99
V66.6,V66,V60-V69.99,V01-V91.99,V01-V91.99,V01-V91.99,V01-V91.99
V46.8,V46,V40-V49.99,V01-V91.99,V01-V91.99,V01-V91.99,V01-V91.99
V10.06,V10.0,V10,V10-V19.99,V01-V91.99,V01-V91.99,V01-V91.99
V82.81,V82.8,V82,V70-V82.99,V01-V91.99,V01-V91.99,V01-V91.99
V56.1,V56,V50-V59.99,V01-V91.99,V01-V91.99,V01-V91.99,V01-V91.99
V88.11,V88.1,V88,V88-V88.99,V01-V91.99,V01-V91.99,V01-V91.99
V26.34,V26.3,V26,V20-V29.99,V01-V91.99,V01-V91.99,V01-V91.99
V60.89,V60.8,V60,V60-V69.99,V01-V91.99,V01-V91.99,V01-V91.99
V12.04,V12.0,V12,V10-V19.99,V01-V91.99,V01-V91.99,V01-V91.99
V54.16,V54.1,V54,V50-V59.99,V01-V91.99,V01-V91.99,V01-V91.99
V14.0,V14,V10-V19.99,V01-V91.99,V01-V91.99,V01-V91.99,V01-V91.99
V13.22,V13.2,V13,V10-V19.99,V01-V91.99,V01-V91.99,V01-V91.99
V13.52,V13.5,V13,V10-V19.99,V01-V91.99,V01-V91.99,V01-V91.99
V14.3,V14,V10-V19.99,V01-V91.99,V01-V91.99,V01-V91.99,V01-V91.99
V60.2,V60,V60-V69.99,V01-V91.99,V01-V91.99,V01-V91.99,V01-V91.99
V03.0,V03,V01-V06.99,V01-V91.99,V01-V91.99,V01-V91.99,V01-V91.99
V71.5,V71,V70-V82.99,V01-V91.99,V01-V91.99,V01-V91.99,V01-V91.99
V60.5,V60,V60-V69.99,V01-V91.99,V01-V91.99,V01-V91.99,V01-V91.99
V06.4,V06,V01-V06.99,V01-V91.99,V01-V91.99,V01-V91.99,V01-V91.99
V53.39,V53.3,V53,V50-V59.99,V01-V91.99,V01-V91.99,V01-V91.99
V21.8,V21,V20-V29.99,V01-V91.99,V01-V91.99,V01-V91.99,V01-V91.99
V15.87,V15.8,V15,V10-V19.99,V01-V91.99,V01-V91.99,V01-V91.99
V26.39,V26.3,V26,V20-V29.99,V01-V91.99,V01-V91.99,V01-V91.99
V67.00,V67.0,V67,V60-V69.99,V01-V91.99,V01-V91.99,V01-V91.99
V76.9,V76,V70-V82.99,V01-V91.99,V01-V91.99,V01-V91.99,V01-V91.99
V65.9,V65,V60-V69.99,V01-V91.99,V01-V91.99,V01-V91.99,V01-V91.99
V72.31,V72.3,V72,V70-V82.99,V01-V91.99,V01-V91.99,V01-V91.99
V54.20,V54.2,V54,V50-V59.99,V01-V91.99,V01-V91.99,V01-V91.99
V61.01,V61.0,V61,V60-V69.99,V01-V91.99,V01-V91.99,V01-V91.99
V91.92,V91.9,V91,V91-V91.99,V01-V91.99,V01-V91.99,V01-V91.99
V91.90,V91.9,V91,V91-V91.99,V01-V91.99,V01-V91.99,V01-V91.99
V15.9,V15,V10-V19.99,V01-V91.99,V01-V91.99,V01-V91.99,V01-V91.99
V29.1,V29,V20-V29.99,V01-V91.99,V01-V91.99,V01-V91.99,V01-V91.99
V62.89,V62.8,V62,V60-V69.99,V01-V91.99,V01-V91.99,V01-V91.99
V64.43,V64.4,V64,V60-V69.99,V01-V91.99,V01-V91.99,V01-V91.99
V73.5,V73,V70-V82.99,V01-V91.99,V01-V91.99,V01-V91.99,V01-V91.99
V15.52,V15.5,V15,V10-V19.99,V01-V91.99,V01-V91.99,V01-V91.99
V50.0,V50,V50-V59.99,V01-V91.99,V01-V91.99,V01-V91.99,V01-V91.99
V62.5,V62,V60-V69.99,V01-V91.99,V01-V91.99,V01-V91.99,V01-V91.99
V58.67,V58.6,V58,V50-V59.99,V01-V91.99,V01-V91.99,V01-V91.99
V58.65,V58.6,V58,V50-V59.99,V01-V91.99,V01-V91.99,V01-V91.99
V10.59,V10.5,V10,V10-V19.99,V01-V91.99,V01-V91.99,V01-V91.99
V77.6,V77,V70-V82.99,V01-V91.99,V01-V91.99,V01-V91.99,V01-V91.99
V26.41,V26.4,V26,V20-V29.99,V01-V91.99,V01-V91.99,V01-V91.99
V62.22,V62.2,V62,V60-V69.99,V01-V91.99,V01-V91.99,V01-V91.99
V54.25,V54.2,V54,V50-V59.99,V01-V91.99,V01-V91.99,V01-V91.99
V52.0,V52,V50-V59.99,V01-V91.99,V01-V91.99,V01-V91.99,V01-V91.99
V49.9,V49,V40-V49.99,V01-V91.99,V01-V91.99,V01-V91.99,V01-V91.99
V27.6,V27,V20-V29.99,V01-V91.99,V01-V91.99,V01-V91.99,V01-V91.99
V91.09,V91.0,V91,V91-V91.99,V01-V91.99,V01-V91.99,V01-V91.99
V87.43,V87.4,V87,V87-V87.99,V01-V91.99,V01-V91.99,V01-V91.99
V02.0,V02,V01-V06.99,V01-V91.99,V01-V91.99,V01-V91.99,V01-V91.99
V44.1,V44,V40-V49.99,V01-V91.99,V01-V91.99,V01-V91.99,V01-V91.99
V80.09,V80.0,V80,V70-V82.99,V01-V91.99,V01-V91.99,V01-V91.99
V76.11,V76.1,V76,V70-V82.99,V01-V91.99,V01-V91.99,V01-V91.99
V19.7,V19,V10-V19.99,V01-V91.99,V01-V91.99,V01-V91.99,V01-V91.99
V76.41,V76.4,V76,V70-V82.99,V01-V91.99,V01-V91.99,V01-V91.99
V33.1,V33,V30-V39.99,V01-V91.99,V01-V91.99,V01-V91.99,V01-V91.99
V13.3,V13,V10-V19.99,V01-V91.99,V01-V91.99,V01-V91.99,V01-V91.99
V12.54,V12.5,V12,V10-V19.99,V01-V91.99,V01-V91.99,V01-V91.99
V23.84,V23.8,V23,V20-V29.99,V01-V91.99,V01-V91.99,V01-V91.99
V77.99,V77.9,V77,V70-V82.99,V01-V91.99,V01-V91.99,V01-V91.99
V72.19,V72.1,V72,V70-V82.99,V01-V91.99,V01-V91.99,V01-V91.99
V25.40,V25.4,V25,V20-V29.99,V01-V91.99,V01-V91.99,V01-V91.99
V02.3,V02,V01-V06.99,V01-V91.99,V01-V91.99,V01-V91.99,V01-V91.99
V82.2,V82,V70-V82.99,V01-V91.99,V01-V91.99,V01-V91.99,V01-V91.99
V71.89,V71.8,V71,V70-V82.99,V01-V91.99,V01-V91.99,V01-V91.99
V71.2,V71,V70-V82.99,V01-V91.99,V01-V91.99,V01-V91.99,V01-V91.99
V27.1,V27,V20-V29.99,V01-V91.99,V01-V91.99,V01-V91.99,V01-V91.99
V54.81,V54.8,V54,V50-V59.99,V01-V91.99,V01-V91.99,V01-V91.99
V26.32,V26.3,V26,V20-V29.99,V01-V91.99,V01-V91.99,V01-V91.99
V01.71,V01.7,V01,V01-V06.99,V01-V91.99,V01-V91.99,V01-V91.99
V64.09,V64.0,V64,V60-V69.99,V01-V91.99,V01-V91.99,V01-V91.99
V43.81,V43.8,V43,V40-V49.99,V01-V91.99,V01-V91.99,V01-V91.99
V82.5,V82,V70-V82.99,V01-V91.99,V01-V91.99,V01-V91.99,V01-V91.99
V45.75,V45.7,V45,V40-V49.99,V01-V91.99,V01-V91.99,V01-V91.99
V53.09,V53.0,V53,V50-V59.99,V01-V91.99,V01-V91.99,V01-V91.99
V87.02,V87.0,V87,V87-V87.99,V01-V91.99,V01-V91.99,V01-V91.99
V06.1,V06,V01-V06.99,V01-V91.99,V01-V91.99,V01-V91.99,V01-V91.99
V21.2,V21,V20-V29.99,V01-V91.99,V01-V91.99,V01-V91.99,V01-V91.99
V74.6,V74,V70-V82.99,V01-V91.99,V01-V91.99,V01-V91.99,V01-V91.99
V07.31,V07.3,V07,V07-V09.99,V01-V91.99,V01-V91.99,V01-V91.99
V87.32,V87.3,V87,V87-V87.99,V01-V91.99,V01-V91.99,V01-V91.99
V85.22,V85.2,V85,V85-V85.99,V01-V91.99,V01-V91.99,V01-V91.99
V82.89,V82.8,V82,V70-V82.99,V01-V91.99,V01-V91.99,V01-V91.99
V49.82,V49.8,V49,V40-V49.99,V01-V91.99,V01-V91.99,V01-V91.99
V47.9,V47,V40-V49.99,V01-V91.99,V01-V91.99,V01-V91.99,V01-V91.99
V18.19,V18.1,V18,V10-V19.99,V01-V91.99,V01-V91.99,V01-V91.99
V11.0,V11,V10-V19.99,V01-V91.99,V01-V91.99,V01-V91.99,V01-V91.99
V83.01,V83.0,V83,V83-V84.99,V01-V91.99,V01-V91.99,V01-V91.99
V23.5,V23,V20-V29.99,V01-V91.99,V01-V91.99,V01-V91.99,V01-V91.99
V84.89,V84.8,V84,V83-V84.99,V01-V91.99,V01-V91.99,V01-V91.99
V26.9,V26,V20-V29.99,V01-V91.99,V01-V91.99,V01-V91.99,V01-V91.99
V13.66,V13.6,V13,V10-V19.99,V01-V91.99,V01-V91.99,V01-V91.99
V73.89,V73.8,V73,V70-V82.99,V01-V91.99,V01-V91.99,V01-V91.99
V67.1,V67,V60-V69.99,V01-V91.99,V01-V91.99,V01-V91.99,V01-V91.99
V76.46,V76.4,V76,V70-V82.99,V01-V91.99,V01-V91.99,V01-V91.99
V02.51,V02.5,V02,V01-V06.99,V01-V91.99,V01-V91.99,V01-V91.99
V49.85,V49.8,V49,V40-V49.99,V01-V91.99,V01-V91.99,V01-V91.99
V23.89,V23.8,V23,V20-V29.99,V01-V91.99,V01-V91.99,V01-V91.99
V90.83,V90.8,V90,V90-V90.99,V01-V91.99,V01-V91.99,V01-V91.99
V25.43,V25.4,V25,V20-V29.99,V01-V91.99,V01-V91.99,V01-V91.99
V67.4,V67,V60-V69.99,V01-V91.99,V01-V91.99,V01-V91.99,V01-V91.99
V89.02,V89.0,V89,V89-V89.99,V01-V91.99,V01-V91.99,V01-V91.99
V65.3,V65,V60-V69.99,V01-V91.99,V01-V91.99,V01-V91.99,V01-V91.99
V10.29,V10.2,V10,V10-V19.99,V01-V91.99,V01-V91.99,V01-V91.99
V43.60,V43.6,V43,V40-V49.99,V01-V91.99,V01-V91.99,V01-V91.99
V54.02,V54.0,V54,V50-V59.99,V01-V91.99,V01-V91.99,V01-V91.99
V13.69,V13.6,V13,V10-V19.99,V01-V91.99,V01-V91.99,V01-V91.99
V69.4,V69,V60-V69.99,V01-V91.99,V01-V91.99,V01-V91.99,V01-V91.99
V24.0,V24,V20-V29.99,V01-V91.99,V01-V91.99,V01-V91.99,V01-V91.99
V81.5,V81,V70-V82.99,V01-V91.99,V01-V91.99,V01-V91.99,V01-V91.99
V42.81,V42.8,V42,V40-V49.99,V01-V91.99,V01-V91.99,V01-V91.99
V07.8,V07,V07-V09.99,V01-V91.99,V01-V91.99,V01-V91.99,V01-V91.99
V42.83,V42.8,V42,V40-V49.99,V01-V91.99,V01-V91.99,V01-V91.99
V55.1,V55,V50-V59.99,V01-V91.99,V01-V91.99,V01-V91.99,V01-V91.99
V70.2,V70,V70-V82.99,V01-V91.99,V01-V91.99,V01-V91.99,V01-V91.99
V87.11,V87.1,V87,V87-V87.99,V01-V91.99,V01-V91.99,V01-V91.99
V70.5,V70,V70-V82.99,V01-V91.99,V01-V91.99,V01-V91.99,V01-V91.99
V05.1,V05,V01-V06.99,V01-V91.99,V01-V91.99,V01-V91.99,V01-V91.99
V72.5,V72,V70-V82.99,V01-V91.99,V01-V91.99,V01-V91.99,V01-V91.99
V21.33,V21.3,V21,V20-V29.99,V01-V91.99,V01-V91.99,V01-V91.99
V43.63,V43.6,V43,V40-V49.99,V01-V91.99,V01-V91.99,V01-V91.99
V41.7,V41,V40-V49.99,V01-V91.99,V01-V91.99,V01-V91.99,V01-V91.99
V09.2,V09,V07-V09.99,V01-V91.99,V01-V91.99,V01-V91.99,V01-V91.99
V75.6,V75,V70-V82.99,V01-V91.99,V01-V91.99,V01-V91.99,V01-V91.99
V30.00,V30.0,V30,V30-V39.99,V01-V91.99,V01-V91.99,V01-V91.99
V75.9,V75,V70-V82.99,V01-V91.99,V01-V91.99,V01-V91.99,V01-V91.99
V71.01,V71.0,V71,V70-V82.99,V01-V91.99,V01-V91.99,V01-V91.99
V17.49,V17.4,V17,V10-V19.99,V01-V91.99,V01-V91.99,V01-V91.99
V58.12,V58.1,V58,V50-V59.99,V01-V91.99,V01-V91.99,V01-V91.99
V49.64,V49.6,V49,V40-V49.99,V01-V91.99,V01-V91.99,V01-V91.99
V28.1,V28,V20-V29.99,V01-V91.99,V01-V91.99,V01-V91.99,V01-V91.99
V72.2,V72,V70-V82.99,V01-V91.99,V01-V91.99,V01-V91.99,V01-V91.99
V22.0,V22,V20-V29.99,V01-V91.99,V01-V91.99,V01-V91.99,V01-V91.99
V60.9,V60,V60-V69.99,V01-V91.99,V01-V91.99,V01-V91.99,V01-V91.99
V39.00,V39.0,V39,V30-V39.99,V01-V91.99,V01-V91.99,V01-V91.99
V28.4,V28,V20-V29.99,V01-V91.99,V01-V91.99,V01-V91.99,V01-V91.99
V06.8,V06,V01-V06.99,V01-V91.99,V01-V91.99,V01-V91.99,V01-V91.99
V46.13,V46.1,V46,V40-V49.99,V01-V91.99,V01-V91.99,V01-V91.99
V58.61,V58.6,V58,V50-V59.99,V01-V91.99,V01-V91.99,V01-V91.99
V61.09,V61.0,V61,V60-V69.99,V01-V91.99,V01-V91.99,V01-V91.99
V01.83,V01.8,V01,V01-V06.99,V01-V91.99,V01-V91.99,V01-V91.99
V78.1,V78,V70-V82.99,V01-V91.99,V01-V91.99,V01-V91.99,V01-V91.99
V33.01,V33.0,V33,V30-V39.99,V01-V91.99,V01-V91.99,V01-V91.99
V45.89,V45.8,V45,V40-V49.99,V01-V91.99,V01-V91.99,V01-V91.99
V10.50,V10.5,V10,V10-V19.99,V01-V91.99,V01-V91.99,V01-V91.99
V85.34,V85.3,V85,V85-V85.99,V01-V91.99,V01-V91.99,V01-V91.99
V47.3,V47,V40-V49.99,V01-V91.99,V01-V91.99,V01-V91.99,V01-V91.99
V87.46,V87.4,V87,V87-V87.99,V01-V91.99,V01-V91.99,V01-V91.99
V25.11,V25.1,V25,V20-V29.99,V01-V91.99,V01-V91.99,V01-V91.99
V76.3,V76,V70-V82.99,V01-V91.99,V01-V91.99,V01-V91.99,V01-V91.99
V25.13,V25.1,V25,V20-V29.99,V01-V91.99,V01-V91.99,V01-V91.99
V02.60,V02.6,V02,V01-V06.99,V01-V91.99,V01-V91.99,V01-V91.99
V62.83,V62.8,V62,V60-V69.99,V01-V91.99,V01-V91.99,V01-V91.99
V50.41,V50.4,V50,V50-V59.99,V01-V91.99,V01-V91.99,V01-V91.99
V13.09,V13.0,V13,V10-V19.99,V01-V91.99,V01-V91.99,V01-V91.99
V45.52,V45.5,V45,V40-V49.99,V01-V91.99,V01-V91.99,V01-V91.99
V81.2,V81,V70-V82.99,V01-V91.99,V01-V91.99,V01-V91.99,V01-V91.99
V16.1,V16,V10-V19.99,V01-V91.99,V01-V91.99,V01-V91.99,V01-V91.99
V62.0,V62,V60-V69.99,V01-V91.99,V01-V91.99,V01-V91.99,V01-V91.99
V73.3,V73,V70-V82.99,V01-V91.99,V01-V91.99,V01-V91.99,V01-V91.99
V42.5,V42,V40-V49.99,V01-V91.99,V01-V91.99,V01-V91.99,V01-V91.99
V62.3,V62,V60-V69.99,V01-V91.99,V01-V91.99,V01-V91.99,V01-V91.99
V31.2,V31,V30-V39.99,V01-V91.99,V01-V91.99,V01-V91.99,V01-V91.99
V03.81,V03.8,V03,V01-V06.99,V01-V91.99,V01-V91.99,V01-V91.99
V20.2,V20,V20-V29.99,V01-V91.99,V01-V91.99,V01-V91.99,V01-V91.99
V75.3,V75,V70-V82.99,V01-V91.99,V01-V91.99,V01-V91.99,V01-V91.99
V77.4,V77,V70-V82.99,V01-V91.99,V01-V91.99,V01-V91.99,V01-V91.99
V64.3,V64,V60-V69.99,V01-V91.99,V01-V91.99,V01-V91.99,V01-V91.99
V33.2,V33,V30-V39.99,V01-V91.99,V01-V91.99,V01-V91.99,V01-V91.99
V88.02,V88.0,V88,V88-V88.99,V01-V91.99,V01-V91.99,V01-V91.99
V22.2,V22,V20-V29.99,V01-V91.99,V01-V91.99,V01-V91.99,V01-V91.99
V61.29,V61.2,V61,V60-V69.99,V01-V91.99,V01-V91.99,V01-V91.99
V02.7,V02,V01-V06.99,V01-V91.99,V01-V91.99,V01-V91.99,V01-V91.99
V65.46,V65.4,V65,V60-V69.99,V01-V91.99,V01-V91.99,V01-V91.99
V44.8,V44,V40-V49.99,V01-V91.99,V01-V91.99,V01-V91.99,V01-V91.99
V15.07,V15.0,V15,V10-V19.99,V01-V91.99,V01-V91.99,V01-V91.99
V83.89,V83.8,V83,V83-V84.99,V01-V91.99,V01-V91.99,V01-V91.99
V07.52,V07.5,V07,V07-V09.99,V01-V91.99,V01-V91.99,V01-V91.99
V32.01,V32.0,V32,V30-V39.99,V01-V91.99,V01-V91.99,V01-V91.99
V26.81,V26.8,V26,V20-V29.99,V01-V91.99,V01-V91.99,V01-V91.99
V85.43,V85.4,V85,V85-V85.99,V01-V91.99,V01-V91.99,V01-V91.99
V77.1,V77,V70-V82.99,V01-V91.99,V01-V91.99,V01-V91.99,V01-V91.99
V49.73,V49.7,V49,V40-V49.99,V01-V91.99,V01-V91.99,V01-V91.99
V49.71,V49.7,V49,V40-V49.99,V01-V91.99,V01-V91.99,V01-V91.99
V34.01,V34.0,V34,V30-V39.99,V01-V91.99,V01-V91.99,V01-V91.99
V79.1,V79,V70-V82.99,V01-V91.99,V01-V91.99,V01-V91.99,V01-V91.99
V58.82,V58.8,V58,V50-V59.99,V01-V91.99,V01-V91.99,V01-V91.99
V64.04,V64.0,V64,V60-V69.99,V01-V91.99,V01-V91.99,V01-V91.99
V64.02,V64.0,V64,V60-V69.99,V01-V91.99,V01-V91.99,V01-V91.99
V48.3,V48,V40-V49.99,V01-V91.99,V01-V91.99,V01-V91.99,V01-V91.99
V68.1,V68,V60-V69.99,V01-V91.99,V01-V91.99,V01-V91.99,V01-V91.99
V09.91,V09.9,V09,V07-V09.99,V01-V91.99,V01-V91.99,V01-V91.99
V48.6,V48,V40-V49.99,V01-V91.99,V01-V91.99,V01-V91.99,V01-V91.99
V45.72,V45.7,V45,V40-V49.99,V01-V91.99,V01-V91.99,V01-V91.99
V84.01,V84.0,V84,V83-V84.99,V01-V91.99,V01-V91.99,V01-V91.99
V23.0,V23,V20-V29.99,V01-V91.99,V01-V91.99,V01-V91.99,V01-V91.99
V49.76,V49.7,V49,V40-V49.99,V01-V91.99,V01-V91.99,V01-V91.99
V91.12,V91.1,V91,V91-V91.99,V01-V91.99,V01-V91.99,V01-V91.99
V03.5,V03,V01-V06.99,V01-V91.99,V01-V91.99,V01-V91.99,V01-V91.99
V23.3,V23,V20-V29.99,V01-V91.99,V01-V91.99,V01-V91.99,V01-V91.99
V58.43,V58.4,V58,V50-V59.99,V01-V91.99,V01-V91.99,V01-V91.99
V50.1,V50,V50-V59.99,V01-V91.99,V01-V91.99,V01-V91.99,V01-V91.99
V78.8,V78,V70-V82.99,V01-V91.99,V01-V91.99,V01-V91.99,V01-V91.99
V09.50,V09.5,V09,V07-V09.99,V01-V91.99,V01-V91.99,V01-V91.99
V53.51,V53.5,V53,V50-V59.99,V01-V91.99,V01-V91.99,V01-V91.99
V42.89,V42.8,V42,V40-V49.99,V01-V91.99,V01-V91.99,V01-V91.99
V58.73,V58.7,V58,V50-V59.99,V01-V91.99,V01-V91.99,V01-V91.99
V73.0,V73,V70-V82.99,V01-V91.99,V01-V91.99,V01-V91.99,V01-V91.99
V45.61,V45.6,V45,V40-V49.99,V01-V91.99,V01-V91.99,V01-V91.99
V49.67,V49.6,V49,V40-V49.99,V01-V91.99,V01-V91.99,V01-V91.99
V42.2,V42,V40-V49.99,V01-V91.99,V01-V91.99,V01-V91.99,V01-V91.99
V11.4,V11,V10-V19.99,V01-V91.99,V01-V91.99,V01-V91.99,V01-V91.99
V59.9,V59,V50-V59.99,V01-V91.99,V01-V91.99,V01-V91.99,V01-V91.99
V10.62,V10.6,V10,V10-V19.99,V01-V91.99,V01-V91.99,V01-V91.99
V72.83,V72.8,V72,V70-V82.99,V01-V91.99,V01-V91.99,V01-V91.99
V49.4,V49,V40-V49.99,V01-V91.99,V01-V91.99,V01-V91.99,V01-V91.99
V12.60,V12.6,V12,V10-V19.99,V01-V91.99,V01-V91.99,V01-V91.99
V70.9,V70,V70-V82.99,V01-V91.99,V01-V91.99,V01-V91.99,V01-V91.99
V25.3,V25,V20-V29.99,V01-V91.99,V01-V91.99,V01-V91.99,V01-V91.99
V26.51,V26.5,V26,V20-V29.99,V01-V91.99,V01-V91.99,V01-V91.99
V05.8,V05,V01-V06.99,V01-V91.99,V01-V91.99,V01-V91.99,V01-V91.99
V84.04,V84.0,V84,V83-V84.99,V01-V91.99,V01-V91.99,V01-V91.99
V85.52,V85.5,V85,V85-V85.99,V01-V91.99,V01-V91.99,V01-V91.99
V57.3,V57,V50-V59.99,V01-V91.99,V01-V91.99,V01-V91.99,V01-V91.99
V18.61,V18.6,V18,V10-V19.99,V01-V91.99,V01-V91.99,V01-V91.99
V75.0,V75,V70-V82.99,V01-V91.99,V01-V91.99,V01-V91.99,V01-V91.99
V45.01,V45.0,V45,V40-V49.99,V01-V91.99,V01-V91.99,V01-V91.99
V65.19,V65.1,V65,V60-V69.99,V01-V91.99,V01-V91.99,V01-V91.99
V30.2,V30,V30-V39.99,V01-V91.99,V01-V91.99,V01-V91.99,V01-V91.99
V54.19,V54.1,V54,V50-V59.99,V01-V91.99,V01-V91.99,V01-V91.99
V17.89,V17.8,V17,V10-V19.99,V01-V91.99,V01-V91.99,V01-V91.99
V91.21,V91.2,V91,V91-V91.99,V01-V91.99,V01-V91.99,V01-V91.99
V12.09,V12.0,V12,V10-V19.99,V01-V91.99,V01-V91.99,V01-V91.99
V10.02,V10.0,V10,V10-V19.99,V01-V91.99,V01-V91.99,V01-V91.99
V80.2,V80,V70-V82.99,V01-V91.99,V01-V91.99,V01-V91.99,V01-V91.99
V25.04,V25.0,V25,V20-V29.99,V01-V91.99,V01-V91.99,V01-V91.99
V25.02,V25.0,V25,V20-V29.99,V01-V91.99,V01-V91.99,V01-V91.99
V10.41,V10.4,V10,V10-V19.99,V01-V91.99,V01-V91.99,V01-V91.99
V09.3,V09,V07-V09.99,V01-V91.99,V01-V91.99,V01-V91.99,V01-V91.99
V09.6,V09,V07-V09.99,V01-V91.99,V01-V91.99,V01-V91.99,V01-V91.99
V10.71,V10.7,V10,V10-V19.99,V01-V91.99,V01-V91.99,V01-V91.99
V72.0,V72,V70-V82.99,V01-V91.99,V01-V91.99,V01-V91.99,V01-V91.99
V13.81,V13.8,V13,V10-V19.99,V01-V91.99,V01-V91.99,V01-V91.99
V26.1,V26,V20-V29.99,V01-V91.99,V01-V91.99,V01-V91.99,V01-V91.99
V59.73,V59.7,V59,V50-V59.99,V01-V91.99,V01-V91.99,V01-V91.99
V31.01,V31.0,V31,V30-V39.99,V01-V91.99,V01-V91.99,V01-V91.99
V43.89,V43.8,V43,V40-V49.99,V01-V91.99,V01-V91.99,V01-V91.99
V74.0,V74,V70-V82.99,V01-V91.99,V01-V91.99,V01-V91.99,V01-V91.99
V12.71,V12.7,V12,V10-V19.99,V01-V91.99,V01-V91.99,V01-V91.99
V15.81,V15.8,V15,V10-V19.99,V01-V91.99,V01-V91.99,V01-V91.99
V63.0,V63,V60-V69.99,V01-V91.99,V01-V91.99,V01-V91.99,V01-V91.99
V04.81,V04.8,V04,V01-V06.99,V01-V91.99,V01-V91.99,V01-V91.99
V32.2,V32,V30-V39.99,V01-V91.99,V01-V91.99,V01-V91.99,V01-V91.99
V74.3,V74,V70-V82.99,V01-V91.99,V01-V91.99,V01-V91.99,V01-V91.99
V61.06,V61.0,V61,V60-V69.99,V01-V91.99,V01-V91.99,V01-V91.99
V25.09,V25.0,V25,V20-V29.99,V01-V91.99,V01-V91.99,V01-V91.99
V01.4,V01,V01-V06.99,V01-V91.99,V01-V91.99,V01-V91.99,V01-V91.99
V10.46,V10.4,V10,V10-V19.99,V01-V91.99,V01-V91.99,V01-V91.99
V43.5,V43,V40-V49.99,V01-V91.99,V01-V91.99,V01-V91.99,V01-V91.99
V45.84,V45.8,V45,V40-V49.99,V01-V91.99,V01-V91.99,V01-V91.99
V85.31,V85.3,V85,V85-V85.99,V01-V91.99,V01-V91.99,V01-V91.99
V87.41,V87.4,V87,V87-V87.99,V01-V91.99,V01-V91.99,V01-V91.99
V56.31,V56.3,V56,V50-V59.99,V01-V91.99,V01-V91.99,V01-V91.99
V07.0,V07,V07-V09.99,V01-V91.99,V01-V91.99,V01-V91.99,V01-V91.99
V49.1,V49,V40-V49.99,V01-V91.99,V01-V91.99,V01-V91.99,V01-V91.99
V62.4,V62,V60-V69.99,V01-V91.99,V01-V91.99,V01-V91.99,V01-V91.99
V28.82,V28.8,V28,V20-V29.99,V01-V91.99,V01-V91.99,V01-V91.99
V18.3,V18,V10-V19.99,V01-V91.99,V01-V91.99,V01-V91.99,V01-V91.99
V64.07,V64.0,V64,V60-V69.99,V01-V91.99,V01-V91.99,V01-V91.99
V42.9,V42,V40-V49.99,V01-V91.99,V01-V91.99,V01-V91.99,V01-V91.99
V54.10,V54.1,V54,V50-V59.99,V01-V91.99,V01-V91.99,V01-V91.99
V57.0,V57,V50-V59.99,V01-V91.99,V01-V91.99,V01-V91.99,V01-V91.99
V44.59,V44.5,V44,V40-V49.99,V01-V91.99,V01-V91.99,V01-V91.99
V61.23,V61.2,V61,V60-V69.99,V01-V91.99,V01-V91.99,V01-V91.99
V65.42,V65.4,V65,V60-V69.99,V01-V91.99,V01-V91.99,V01-V91.99
V65.40,V65.4,V65,V60-V69.99,V01-V91.99,V01-V91.99,V01-V91.99
V15.01,V15.0,V15,V10-V19.99,V01-V91.99,V01-V91.99,V01-V91.99
V56.8,V56,V50-V59.99,V01-V91.99,V01-V91.99,V01-V91.99,V01-V91.99
V58.9,V58,V50-V59.99,V01-V91.99,V01-V91.99,V01-V91.99,V01-V91.99
V90.12,V90.1,V90,V90-V90.99,V01-V91.99,V01-V91.99,V01-V91.99
V16.40,V16.4,V16,V10-V19.99,V01-V91.99,V01-V91.99,V01-V91.99
V45.78,V45.7,V45,V40-V49.99,V01-V91.99,V01-V91.99,V01-V91.99
V54.15,V54.1,V54,V50-V59.99,V01-V91.99,V01-V91.99,V01-V91.99
V77.8,V77,V70-V82.99,V01-V91.99,V01-V91.99,V01-V91.99,V01-V91.99
V85.25,V85.2,V85,V85-V85.99,V01-V91.99,V01-V91.99,V01-V91.99
V10.79,V10.7,V10,V10-V19.99,V01-V91.99,V01-V91.99,V01-V91.99
V52.2,V52,V50-V59.99,V01-V91.99,V01-V91.99,V01-V91.99,V01-V91.99
V13.51,V13.5,V13,V10-V19.99,V01-V91.99,V01-V91.99,V01-V91.99
V41.2,V41,V40-V49.99,V01-V91.99,V01-V91.99,V01-V91.99,V01-V91.99
V69.9,V69,V60-V69.99,V01-V91.99,V01-V91.99,V01-V91.99,V01-V91.99
V85.0,V85,V85-V85.99,V01-V91.99,V01-V91.99,V01-V91.99,V01-V91.99
V12.79,V12.7,V12,V10-V19.99,V01-V91.99,V01-V91.99,V01-V91.99
V01.79,V01.7,V01,V01-V06.99,V01-V91.99,V01-V91.99,V01-V91.99
V15.51,V15.5,V15,V10-V19.99,V01-V91.99,V01-V91.99,V01-V91.99
V04.89,V04.8,V04,V01-V06.99,V01-V91.99,V01-V91.99,V01-V91.99
V58.64,V58.6,V58,V50-V59.99,V01-V91.99,V01-V91.99,V01-V91.99
V71.83,V71.8,V71,V70-V82.99,V01-V91.99,V01-V91.99,V01-V91.99
V66.1,V66,V60-V69.99,V01-V91.99,V01-V91.99,V01-V91.99,V01-V91.99
V46.3,V46,V40-V49.99,V01-V91.99,V01-V91.99,V01-V91.99,V01-V91.99
V37.1,V37,V30-V39.99,V01-V91.99,V01-V91.99,V01-V91.99,V01-V91.99
V04.2,V04,V01-V06.99,V01-V91.99,V01-V91.99,V01-V91.99,V01-V91.99
V76.19,V76.1,V76,V70-V82.99,V01-V91.99,V01-V91.99,V01-V91.99
V61.7,V61,V60-V69.99,V01-V91.99,V01-V91.99,V01-V91.99,V01-V91.99
V04.5,V04,V01-V06.99,V01-V91.99,V01-V91.99,V01-V91.99,V01-V91.99
V10.85,V10.8,V10,V10-V19.99,V01-V91.99,V01-V91.99,V01-V91.99
V89.05,V89.0,V89,V89-V89.99,V01-V91.99,V01-V91.99,V01-V91.99
V10.83,V10.8,V10,V10-V19.99,V01-V91.99,V01-V91.99,V01-V91.99
V72.60,V72.6,V72,V70-V82.99,V01-V91.99,V01-V91.99,V01-V91.99
V72.62,V72.6,V72,V70-V82.99,V01-V91.99,V01-V91.99,V01-V91.99
V91.91,V91.9,V91,V91-V91.99,V01-V91.99,V01-V91.99,V01-V91.99
V19.6,V19,V10-V19.99,V01-V91.99,V01-V91.99,V01-V91.99,V01-V91.99
V58.69,V58.6,V58,V50-V59.99,V01-V91.99,V01-V91.99,V01-V91.99
V40.2,V40,V40-V49.99,V01-V91.99,V01-V91.99,V01-V91.99,V01-V91.99
V23.83,V23.8,V23,V20-V29.99,V01-V91.99,V01-V91.99,V01-V91.99
V76.42,V76.4,V76,V70-V82.99,V01-V91.99,V01-V91.99,V01-V91.99
V55.8,V55,V50-V59.99,V01-V91.99,V01-V91.99,V01-V91.99,V01-V91.99
V21.9,V21,V20-V29.99,V01-V91.99,V01-V91.99,V01-V91.99,V01-V91.99
V57.22,V57.2,V57,V50-V59.99,V01-V91.99,V01-V91.99,V01-V91.99
V47.0,V47,V40-V49.99,V01-V91.99,V01-V91.99,V01-V91.99,V01-V91.99
V76.81,V76.8,V76,V70-V82.99,V01-V91.99,V01-V91.99,V01-V91.99
V45.87,V45.8,V45,V40-V49.99,V01-V91.99,V01-V91.99,V01-V91.99
V26.42,V26.4,V26,V20-V29.99,V01-V91.99,V01-V91.99,V01-V91.99
V39.1,V39,V30-V39.99,V01-V91.99,V01-V91.99,V01-V91.99,V01-V91.99
V49.62,V49.6,V49,V40-V49.99,V01-V91.99,V01-V91.99,V01-V91.99
V90.2,V90,V90-V90.99,V01-V91.99,V01-V91.99,V01-V91.99,V01-V91.99
V12.42,V12.4,V12,V10-V19.99,V01-V91.99,V01-V91.99,V01-V91.99
V85.21,V85.2,V85,V85-V85.99,V01-V91.99,V01-V91.99,V01-V91.99
V02.2,V02,V01-V06.99,V01-V91.99,V01-V91.99,V01-V91.99,V01-V91.99
V15.84,V15.8,V15,V10-V19.99,V01-V91.99,V01-V91.99,V01-V91.99
V15.86,V15.8,V15,V10-V19.99,V01-V91.99,V01-V91.99,V01-V91.99
V10.49,V10.4,V10,V10-V19.99,V01-V91.99,V01-V91.99,V01-V91.99
V26.31,V26.3,V26,V20-V29.99,V01-V91.99,V01-V91.99,V01-V91.99
V26.33,V26.3,V26,V20-V29.99,V01-V91.99,V01-V91.99,V01-V91.99
V77.5,V77,V70-V82.99,V01-V91.99,V01-V91.99,V01-V91.99,V01-V91.99
V69.3,V69,V60-V69.99,V01-V91.99,V01-V91.99,V01-V91.99,V01-V91.99
V13.21,V13.2,V13,V10-V19.99,V01-V91.99,V01-V91.99,V01-V91.99
V12.03,V12.0,V12,V10-V19.99,V01-V91.99,V01-V91.99,V01-V91.99
V27.5,V27,V20-V29.99,V01-V91.99,V01-V91.99,V01-V91.99,V01-V91.99
V10.88,V10.8,V10,V10-V19.99,V01-V91.99,V01-V91.99,V01-V91.99
V21.1,V21,V20-V29.99,V01-V91.99,V01-V91.99,V01-V91.99,V01-V91.99
V54.24,V54.2,V54,V50-V59.99,V01-V91.99,V01-V91.99,V01-V91.99
V02.59,V02.5,V02,V01-V06.99,V01-V91.99,V01-V91.99,V01-V91.99
V20.32,V20.3,V20,V20-V29.99,V01-V91.99,V01-V91.99,V01-V91.99
V55.3,V55,V50-V59.99,V01-V91.99,V01-V91.99,V01-V91.99,V01-V91.99
V91.29,V91.2,V91,V91-V91.99,V01-V91.99,V01-V91.99,V01-V91.99
V44.0,V44,V40-V49.99,V01-V91.99,V01-V91.99,V01-V91.99,V01-V91.99
V64.42,V64.4,V64,V60-V69.99,V01-V91.99,V01-V91.99,V01-V91.99
V91.03,V91.0,V91,V91-V91.99,V01-V91.99,V01-V91.99,V01-V91.99
V15.89,V15.8,V15,V10-V19.99,V01-V91.99,V01-V91.99,V01-V91.99
V59.1,V59,V50-V59.99,V01-V91.99,V01-V91.99,V01-V91.99,V01-V91.99
V46.0,V46,V40-V49.99,V01-V91.99,V01-V91.99,V01-V91.99,V01-V91.99
V17.0,V17,V10-V19.99,V01-V91.99,V01-V91.99,V01-V91.99,V01-V91.99
V48.1,V48,V40-V49.99,V01-V91.99,V01-V91.99,V01-V91.99,V01-V91.99
V13.24,V13.2,V13,V10-V19.99,V01-V91.99,V01-V91.99,V01-V91.99
V87.19,V87.1,V87,V87-V87.99,V01-V91.99,V01-V91.99,V01-V91.99
V67.01,V67.0,V67,V60-V69.99,V01-V91.99,V01-V91.99,V01-V91.99
V17.3,V17,V10-V19.99,V01-V91.99,V01-V91.99,V01-V91.99,V01-V91.99
V72.7,V72,V70-V82.99,V01-V91.99,V01-V91.99,V01-V91.99,V01-V91.99
V10.53,V10.5,V10,V10-V19.99,V01-V91.99,V01-V91.99,V01-V91.99
V41.9,V41,V40-V49.99,V01-V91.99,V01-V91.99,V01-V91.99,V01-V91.99
V73.88,V73.8,V73,V70-V82.99,V01-V91.99,V01-V91.99,V01-V91.99
V54.29,V54.2,V54,V50-V59.99,V01-V91.99,V01-V91.99,V01-V91.99
V85.39,V85.3,V85,V85-V85.99,V01-V91.99,V01-V91.99,V01-V91.99
V13.65,V13.6,V13,V10-V19.99,V01-V91.99,V01-V91.99,V01-V91.99
V53.8,V53,V50-V59.99,V01-V91.99,V01-V91.99,V01-V91.99,V01-V91.99
V12.49,V12.4,V12,V10-V19.99,V01-V91.99,V01-V91.99,V01-V91.99
V12.53,V12.5,V12,V10-V19.99,V01-V91.99,V01-V91.99,V01-V91.99
V12.51,V12.5,V12,V10-V19.99,V01-V91.99,V01-V91.99,V01-V91.99
V79.9,V79,V70-V82.99,V01-V91.99,V01-V91.99,V01-V91.99,V01-V91.99
V20.1,V20,V20-V29.99,V01-V91.99,V01-V91.99,V01-V91.99,V01-V91.99
V76.10,V76.1,V76,V70-V82.99,V01-V91.99,V01-V91.99,V01-V91.99
V55.5,V55,V50-V59.99,V01-V91.99,V01-V91.99,V01-V91.99,V01-V91.99
V58.78,V58.7,V58,V50-V59.99,V01-V91.99,V01-V91.99,V01-V91.99
V16.59,V16.5,V16,V10-V19.99,V01-V91.99,V01-V91.99,V01-V91.99
V13.7,V13,V10-V19.99,V01-V91.99,V01-V91.99,V01-V91.99,V01-V91.99
V01.2,V01,V01-V06.99,V01-V91.99,V01-V91.99,V01-V91.99,V01-V91.99
V16.8,V16,V10-V19.99,V01-V91.99,V01-V91.99,V01-V91.99,V01-V91.99
V71.09,V71.0,V71,V70-V82.99,V01-V91.99,V01-V91.99,V01-V91.99
V62.21,V62.2,V62,V60-V69.99,V01-V91.99,V01-V91.99,V01-V91.99
V13.68,V13.6,V13,V10-V19.99,V01-V91.99,V01-V91.99,V01-V91.99
V19.3,V19,V10-V19.99,V01-V91.99,V01-V91.99,V01-V91.99,V01-V91.99
V12.21,V12.2,V12,V10-V19.99,V01-V91.99,V01-V91.99,V01-V91.99
V53.59,V53.5,V53,V50-V59.99,V01-V91.99,V01-V91.99,V01-V91.99
V58.11,V58.1,V58,V50-V59.99,V01-V91.99,V01-V91.99,V01-V91.99
V58.41,V58.4,V58,V50-V59.99,V01-V91.99,V01-V91.99,V01-V91.99
V21.32,V21.3,V21,V20-V29.99,V01-V91.99,V01-V91.99,V01-V91.99
V90.33,V90.3,V90,V90-V90.99,V01-V91.99,V01-V91.99,V01-V91.99
V13.03,V13.0,V13,V10-V19.99,V01-V91.99,V01-V91.99,V01-V91.99
V59.6,V59,V50-V59.99,V01-V91.99,V01-V91.99,V01-V91.99,V01-V91.99
V11.1,V11,V10-V19.99,V01-V91.99,V01-V91.99,V01-V91.99,V01-V91.99
V53.2,V53,V50-V59.99,V01-V91.99,V01-V91.99,V01-V91.99,V01-V91.99
V03.89,V03.8,V03,V01-V06.99,V01-V91.99,V01-V91.99,V01-V91.99
V71.7,V71,V70-V82.99,V01-V91.99,V01-V91.99,V01-V91.99,V01-V91.99
V45.3,V45,V40-V49.99,V01-V91.99,V01-V91.99,V01-V91.99,V01-V91.99
V50.49,V50.4,V50,V50-V59.99,V01-V91.99,V01-V91.99,V01-V91.99
V03.2,V03,V01-V06.99,V01-V91.99,V01-V91.99,V01-V91.99,V01-V91.99
V14.5,V14,V10-V19.99,V01-V91.99,V01-V91.99,V01-V91.99,V01-V91.99
V25.8,V25,V20-V29.99,V01-V91.99,V01-V91.99,V01-V91.99,V01-V91.99
V23.86,V23.8,V23,V20-V29.99,V01-V91.99,V01-V91.99,V01-V91.99
V57.81,V57.8,V57,V50-V59.99,V01-V91.99,V01-V91.99,V01-V91.99
V87.45,V87.4,V87,V87-V87.99,V01-V91.99,V01-V91.99,V01-V91.99
V15.59,V15.5,V15,V10-V19.99,V01-V91.99,V01-V91.99,V01-V91.99
V14.8,V14,V10-V19.99,V01-V91.99,V01-V91.99,V01-V91.99,V01-V91.99
V28.0,V28,V20-V29.99,V01-V91.99,V01-V91.99,V01-V91.99,V01-V91.99
V25.12,V25.1,V25,V20-V29.99,V01-V91.99,V01-V91.99,V01-V91.99
V76.45,V76.4,V76,V70-V82.99,V01-V91.99,V01-V91.99,V01-V91.99
V67.09,V67.0,V67,V60-V69.99,V01-V91.99,V01-V91.99,V01-V91.99
V25.42,V25.4,V25,V20-V29.99,V01-V91.99,V01-V91.99,V01-V91.99
V64.2,V64,V60-V69.99,V01-V91.99,V01-V91.99,V01-V91.99,V01-V91.99
V88.22,V88.2,V88,V88-V88.99,V01-V91.99,V01-V91.99,V01-V91.99
V61.08,V61.0,V61,V60-V69.99,V01-V91.99,V01-V91.99,V01-V91.99
V41.6,V41,V40-V49.99,V01-V91.99,V01-V91.99,V01-V91.99,V01-V91.99
V75.5,V75,V70-V82.99,V01-V91.99,V01-V91.99,V01-V91.99,V01-V91.99
V09.1,V09,V07-V09.99,V01-V91.99,V01-V91.99,V01-V91.99,V01-V91.99
V46.12,V46.1,V46,V40-V49.99,V01-V91.99,V01-V91.99,V01-V91.99
V75.8,V75,V70-V82.99,V01-V91.99,V01-V91.99,V01-V91.99,V01-V91.99
V90.9,V90,V90-V90.99,V01-V91.99,V01-V91.99,V01-V91.99,V01-V91.99
V54.27,V54.2,V54,V50-V59.99,V01-V91.99,V01-V91.99,V01-V91.99
V44.7,V44,V40-V49.99,V01-V91.99,V01-V91.99,V01-V91.99,V01-V91.99
V15.29,V15.2,V15,V10-V19.99,V01-V91.99,V01-V91.99,V01-V91.99
V33.00,V33.0,V33,V30-V39.99,V01-V91.99,V01-V91.99,V01-V91.99
V61.49,V61.4,V61,V60-V69.99,V01-V91.99,V01-V91.99,V01-V91.99
V02.9,V02,V01-V06.99,V01-V91.99,V01-V91.99,V01-V91.99,V01-V91.99
V66.5,V66,V60-V69.99,V01-V91.99,V01-V91.99,V01-V91.99,V01-V91.99
V48.8,V48,V40-V49.99,V01-V91.99,V01-V91.99,V01-V91.99,V01-V91.99
V76.89,V76.8,V76,V70-V82.99,V01-V91.99,V01-V91.99,V01-V91.99
V26.89,V26.8,V26,V20-V29.99,V01-V91.99,V01-V91.99,V01-V91.99
V72.12,V72.1,V72,V70-V82.99,V01-V91.99,V01-V91.99,V01-V91.99
V54.01,V54.0,V54,V50-V59.99,V01-V91.99,V01-V91.99,V01-V91.99
V61.12,V61.1,V61,V60-V69.99,V01-V91.99,V01-V91.99,V01-V91.99
V49.63,V49.6,V49,V40-V49.99,V01-V91.99,V01-V91.99,V01-V91.99
V06.3,V06,V01-V06.99,V01-V91.99,V01-V91.99,V01-V91.99,V01-V91.99
V28.89,V28.8,V28,V20-V29.99,V01-V91.99,V01-V91.99,V01-V91.99
V07.51,V07.5,V07,V07-V09.99,V01-V91.99,V01-V91.99,V01-V91.99
V82.71,V82.7,V82,V70-V82.99,V01-V91.99,V01-V91.99,V01-V91.99
V19.11,V19.1,V19,V10-V19.99,V01-V91.99,V01-V91.99,V01-V91.99
V21.30,V21.3,V21,V20-V29.99,V01-V91.99,V01-V91.99,V01-V91.99
V56.0,V56,V50-V59.99,V01-V91.99,V01-V91.99,V01-V91.99,V01-V91.99
V27.0,V27,V20-V29.99,V01-V91.99,V01-V91.99,V01-V91.99,V01-V91.99
V10.00,V10.0,V10,V10-V19.99,V01-V91.99,V01-V91.99,V01-V91.99
V26.22,V26.2,V26,V20-V29.99,V01-V91.99,V01-V91.99,V01-V91.99
V88.01,V88.0,V88,V88-V88.99,V01-V91.99,V01-V91.99,V01-V91.99
V71.4,V71,V70-V82.99,V01-V91.99,V01-V91.99,V01-V91.99,V01-V91.99
V14.2,V14,V10-V19.99,V01-V91.99,V01-V91.99,V01-V91.99,V01-V91.99
V60.1,V60,V60-V69.99,V01-V91.99,V01-V91.99,V01-V91.99,V01-V91.99
V60.4,V60,V60-V69.99,V01-V91.99,V01-V91.99,V01-V91.99,V01-V91.99
V06.0,V06,V01-V06.99,V01-V91.99,V01-V91.99,V01-V91.99,V01-V91.99
V84.09,V84.0,V84,V83-V84.99,V01-V91.99,V01-V91.99,V01-V91.99
V40.9,V40,V40-V49.99,V01-V91.99,V01-V91.99,V01-V91.99,V01-V91.99
V54.89,V54.8,V54,V50-V59.99,V01-V91.99,V01-V91.99,V01-V91.99
V15.42,V15.4,V15,V10-V19.99,V01-V91.99,V01-V91.99,V01-V91.99
V65.5,V65,V60-V69.99,V01-V91.99,V01-V91.99,V01-V91.99,V01-V91.99
V67.6,V67,V60-V69.99,V01-V91.99,V01-V91.99,V01-V91.99,V01-V91.99
V10.05,V10.0,V10,V10-V19.99,V01-V91.99,V01-V91.99,V01-V91.99
V03.9,V03,V01-V06.99,V01-V91.99,V01-V91.99,V01-V91.99,V01-V91.99
V10.44,V10.4,V10,V10-V19.99,V01-V91.99,V01-V91.99,V01-V91.99
V23.7,V23,V20-V29.99,V01-V91.99,V01-V91.99,V01-V91.99,V01-V91.99
V65.8,V65,V60-V69.99,V01-V91.99,V01-V91.99,V01-V91.99,V01-V91.99
V18.69,V18.6,V18,V10-V19.99,V01-V91.99,V01-V91.99,V01-V91.99
V59.02,V59.0,V59,V50-V59.99,V01-V91.99,V01-V91.99,V01-V91.99
V07.39,V07.3,V07,V07-V09.99,V01-V91.99,V01-V91.99,V01-V91.99
V29.0,V29,V20-V29.99,V01-V91.99,V01-V91.99,V01-V91.99,V01-V91.99
V12.00,V12.0,V12,V10-V19.99,V01-V91.99,V01-V91.99,V01-V91.99
V61.21,V61.2,V61,V60-V69.99,V01-V91.99,V01-V91.99,V01-V91.99
V18.0,V18,V10-V19.99,V01-V91.99,V01-V91.99,V01-V91.99,V01-V91.99
V53.01,V53.0,V53,V50-V59.99,V01-V91.99,V01-V91.99,V01-V91.99
V09.90,V09.9,V09,V07-V09.99,V01-V91.99,V01-V91.99,V01-V91.99
V49.66,V49.6,V49,V40-V49.99,V01-V91.99,V01-V91.99,V01-V91.99
V29.3,V29,V20-V29.99,V01-V91.99,V01-V91.99,V01-V91.99,V01-V91.99
V02.62,V02.6,V02,V01-V06.99,V01-V91.99,V01-V91.99,V01-V91.99
V43.65,V43.6,V43,V40-V49.99,V01-V91.99,V01-V91.99,V01-V91.99
V10.91,V10.9,V10,V10-V19.99,V01-V91.99,V01-V91.99,V01-V91.99
V36.01,V36.0,V36,V30-V39.99,V01-V91.99,V01-V91.99,V01-V91.99
V21.35,V21.3,V21,V20-V29.99,V01-V91.99,V01-V91.99,V01-V91.99
V79.0,V79,V70-V82.99,V01-V91.99,V01-V91.99,V01-V91.99,V01-V91.99
V53.50,V53.5,V53,V50-V59.99,V01-V91.99,V01-V91.99,V01-V91.99
V54.09,V54.0,V54,V50-V59.99,V01-V91.99,V01-V91.99,V01-V91.99
V58.72,V58.7,V58,V50-V59.99,V01-V91.99,V01-V91.99,V01-V91.99
V37.2,V37,V30-V39.99,V01-V91.99,V01-V91.99,V01-V91.99,V01-V91.99
V09.81,V09.8,V09,V07-V09.99,V01-V91.99,V01-V91.99,V01-V91.99
V12.29,V12.2,V12,V10-V19.99,V01-V91.99,V01-V91.99,V01-V91.99
V79.3,V79,V70-V82.99,V01-V91.99,V01-V91.99,V01-V91.99,V01-V91.99
V80.1,V80,V70-V82.99,V01-V91.99,V01-V91.99,V01-V91.99,V01-V91.99
V48.5,V48,V40-V49.99,V01-V91.99,V01-V91.99,V01-V91.99,V01-V91.99
V87.31,V87.3,V87,V87-V87.99,V01-V91.99,V01-V91.99,V01-V91.99
V01.6,V01,V01-V06.99,V01-V91.99,V01-V91.99,V01-V91.99,V01-V91.99
V45.09,V45.0,V45,V40-V49.99,V01-V91.99,V01-V91.99,V01-V91.99
V01.9,V01,V01-V06.99,V01-V91.99,V01-V91.99,V01-V91.99,V01-V91.99
V82.79,V82.7,V82,V70-V82.99,V01-V91.99,V01-V91.99,V01-V91.99
V32.00,V32.0,V32,V30-V39.99,V01-V91.99,V01-V91.99,V01-V91.99
V49.72,V49.7,V49,V40-V49.99,V01-V91.99,V01-V91.99,V01-V91.99
V49.70,V49.7,V49,V40-V49.99,V01-V91.99,V01-V91.99,V01-V91.99
V85.51,V85.5,V85,V85-V85.99,V01-V91.99,V01-V91.99,V01-V91.99
V82.1,V82,V70-V82.99,V01-V91.99,V01-V91.99,V01-V91.99,V01-V91.99
V71.1,V71,V70-V82.99,V01-V91.99,V01-V91.99,V01-V91.99,V01-V91.99
V82.4,V82,V70-V82.99,V01-V91.99,V01-V91.99,V01-V91.99,V01-V91.99
V65.45,V65.4,V65,V60-V69.99,V01-V91.99,V01-V91.99,V01-V91.99
V74.5,V74,V70-V82.99,V01-V91.99,V01-V91.99,V01-V91.99,V01-V91.99
V15.06,V15.0,V15,V10-V19.99,V01-V91.99,V01-V91.99,V01-V91.99
V63.2,V63,V60-V69.99,V01-V91.99,V01-V91.99,V01-V91.99,V01-V91.99
V43.7,V43,V40-V49.99,V01-V91.99,V01-V91.99,V01-V91.99,V01-V91.99
V76.2,V76,V70-V82.99,V01-V91.99,V01-V91.99,V01-V91.99,V01-V91.99
V68.09,V68.0,V68,V60-V69.99,V01-V91.99,V01-V91.99,V01-V91.99
V78.3,V78,V70-V82.99,V01-V91.99,V01-V91.99,V01-V91.99,V01-V91.99
V65.2,V65,V60-V69.99,V01-V91.99,V01-V91.99,V01-V91.99,V01-V91.99
V85.54,V85.5,V85,V85-V85.99,V01-V91.99,V01-V91.99,V01-V91.99
V49.75,V49.7,V49,V40-V49.99,V01-V91.99,V01-V91.99,V01-V91.99
V67.3,V67,V60-V69.99,V01-V91.99,V01-V91.99,V01-V91.99,V01-V91.99
V47.5,V47,V40-V49.99,V01-V91.99,V01-V91.99,V01-V91.99,V01-V91.99
V45.00,V45.0,V45,V40-V49.99,V01-V91.99,V01-V91.99,V01-V91.99
V28.6,V28,V20-V29.99,V01-V91.99,V01-V91.99,V01-V91.99,V01-V91.99
V91.20,V91.2,V91,V91-V91.99,V01-V91.99,V01-V91.99,V01-V91.99
V34.00,V34.0,V34,V30-V39.99,V01-V91.99,V01-V91.99,V01-V91.99
V64.01,V64.0,V64,V60-V69.99,V01-V91.99,V01-V91.99,V01-V91.99
V64.03,V64.0,V64,V60-V69.99,V01-V91.99,V01-V91.99,V01-V91.99
V58.81,V58.8,V58,V50-V59.99,V01-V91.99,V01-V91.99,V01-V91.99
V05.0,V05,V01-V06.99,V01-V91.99,V01-V91.99,V01-V91.99,V01-V91.99
V37.01,V37.0,V37,V30-V39.99,V01-V91.99,V01-V91.99,V01-V91.99
V16.3,V16,V10-V19.99,V01-V91.99,V01-V91.99,V01-V91.99,V01-V91.99
V85.30,V85.3,V85,V85-V85.99,V01-V91.99,V01-V91.99,V01-V91.99
V31.00,V31.0,V31,V30-V39.99,V01-V91.99,V01-V91.99,V01-V91.99
V18.11,V18.1,V18,V10-V19.99,V01-V91.99,V01-V91.99,V01-V91.99
V84.81,V84.8,V84,V83-V84.99,V01-V91.99,V01-V91.99,V01-V91.99
V61.03,V61.0,V61,V60-V69.99,V01-V91.99,V01-V91.99,V01-V91.99
V61.05,V61.0,V61,V60-V69.99,V01-V91.99,V01-V91.99,V01-V91.99
V13.59,V13.5,V13,V10-V19.99,V01-V91.99,V01-V91.99,V01-V91.99
V70.1,V70,V70-V82.99,V01-V91.99,V01-V91.99,V01-V91.99,V01-V91.99
V87.01,V87.0,V87,V87-V87.99,V01-V91.99,V01-V91.99,V01-V91.99
V81.4,V81,V70-V82.99,V01-V91.99,V01-V91.99,V01-V91.99,V01-V91.99
V54.22,V54.2,V54,V50-V59.99,V01-V91.99,V01-V91.99,V01-V91.99
V45.74,V45.7,V45,V40-V49.99,V01-V91.99,V01-V91.99,V01-V91.99
V55.0,V55,V50-V59.99,V01-V91.99,V01-V91.99,V01-V91.99,V01-V91.99
V70.4,V70,V70-V82.99,V01-V91.99,V01-V91.99,V01-V91.99,V01-V91.99
V23.42,V23.4,V23,V20-V29.99,V01-V91.99,V01-V91.99,V01-V91.99
V19.19,V19.1,V19,V10-V19.99,V01-V91.99,V01-V91.99,V01-V91.99
V67.51,V67.5,V67,V60-V69.99,V01-V91.99,V01-V91.99,V01-V91.99
V24.2,V24,V20-V29.99,V01-V91.99,V01-V91.99,V01-V91.99,V01-V91.99
V04.7,V04,V01-V06.99,V01-V91.99,V01-V91.99,V01-V91.99,V01-V91.99
V84.03,V84.0,V84,V83-V84.99,V01-V91.99,V01-V91.99,V01-V91.99
V50.9,V50,V50-V59.99,V01-V91.99,V01-V91.99,V01-V91.99,V01-V91.99
V28.81,V28.8,V28,V20-V29.99,V01-V91.99,V01-V91.99,V01-V91.99
V72.82,V72.8,V72,V70-V82.99,V01-V91.99,V01-V91.99,V01-V91.99
V43.1,V43,V40-V49.99,V01-V91.99,V01-V91.99,V01-V91.99,V01-V91.99
V17.81,V17.8,V17,V10-V19.99,V01-V91.99,V01-V91.99,V01-V91.99
V74.2,V74,V70-V82.99,V01-V91.99,V01-V91.99,V01-V91.99,V01-V91.99
V66.0,V66,V60-V69.99,V01-V91.99,V01-V91.99,V01-V91.99,V01-V91.99
V12.3,V12,V10-V19.99,V01-V91.99,V01-V91.99,V01-V91.99,V01-V91.99
V32.1,V32,V30-V39.99,V01-V91.99,V01-V91.99,V01-V91.99,V01-V91.99
V64.06,V64.0,V64,V60-V69.99,V01-V91.99,V01-V91.99,V01-V91.99
V43.4,V43,V40-V49.99,V01-V91.99,V01-V91.99,V01-V91.99,V01-V91.99
V01.3,V01,V01-V06.99,V01-V91.99,V01-V91.99,V01-V91.99,V01-V91.99
V66.3,V66,V60-V69.99,V01-V91.99,V01-V91.99,V01-V91.99,V01-V91.99
V25.03,V25.0,V25,V20-V29.99,V01-V91.99,V01-V91.99,V01-V91.99
V25.01,V25.0,V25,V20-V29.99,V01-V91.99,V01-V91.99,V01-V91.99
V47.2,V47,V40-V49.99,V01-V91.99,V01-V91.99,V01-V91.99,V01-V91.99
V49.84,V49.8,V49,V40-V49.99,V01-V91.99,V01-V91.99,V01-V91.99
V28.3,V28,V20-V29.99,V01-V91.99,V01-V91.99,V01-V91.99,V01-V91.99
V43.83,V43.8,V43,V40-V49.99,V01-V91.99,V01-V91.99,V01-V91.99
V63.9,V63,V60-V69.99,V01-V91.99,V01-V91.99,V01-V91.99,V01-V91.99
V90.11,V90.1,V90,V90-V90.99,V01-V91.99,V01-V91.99,V01-V91.99
V52.9,V52,V50-V59.99,V01-V91.99,V01-V91.99,V01-V91.99,V01-V91.99
V91.99,V91.9,V91,V91-V91.99,V01-V91.99,V01-V91.99,V01-V91.99
V45.79,V45.7,V45,V40-V49.99,V01-V91.99,V01-V91.99,V01-V91.99
V45.77,V45.7,V45,V40-V49.99,V01-V91.99,V01-V91.99,V01-V91.99
V10.40,V10.4,V10,V10-V19.99,V01-V91.99,V01-V91.99,V01-V91.99
V85.24,V85.2,V85,V85-V85.99,V01-V91.99,V01-V91.99,V01-V91.99
V58.2,V58,V50-V59.99,V01-V91.99,V01-V91.99,V01-V91.99,V01-V91.99
V78.0,V78,V70-V82.99,V01-V91.99,V01-V91.99,V01-V91.99,V01-V91.99
V42.4,V42,V40-V49.99,V01-V91.99,V01-V91.99,V01-V91.99,V01-V91.99
V16.0,V16,V10-V19.99,V01-V91.99,V01-V91.99,V01-V91.99,V01-V91.99
V31.1,V31,V30-V39.99,V01-V91.99,V01-V91.99,V01-V91.99,V01-V91.99
V10.84,V10.8,V10,V10-V19.99,V01-V91.99,V01-V91.99,V01-V91.99
V10.82,V10.8,V10,V10-V19.99,V01-V91.99,V01-V91.99,V01-V91.99
V89.04,V89.0,V89,V89-V89.99,V01-V91.99,V01-V91.99,V01-V91.99
V02.53,V02.5,V02,V01-V06.99,V01-V91.99,V01-V91.99,V01-V91.99
V49.89,V49.8,V49,V40-V49.99,V01-V91.99,V01-V91.99,V01-V91.99
V49.87,V49.8,V49,V40-V49.99,V01-V91.99,V01-V91.99,V01-V91.99
V42.7,V42,V40-V49.99,V01-V91.99,V01-V91.99,V01-V91.99,V01-V91.99
V72.61,V72.6,V72,V70-V82.99,V01-V91.99,V01-V91.99,V01-V91.99
V45.12,V45.1,V45,V40-V49.99,V01-V91.99,V01-V91.99,V01-V91.99
V13.29,V13.2,V13,V10-V19.99,V01-V91.99,V01-V91.99,V01-V91.99
V59.70,V59.7,V59,V50-V59.99,V01-V91.99,V01-V91.99,V01-V91.99
V59.72,V59.7,V59,V50-V59.99,V01-V91.99,V01-V91.99,V01-V91.99
V71.82,V71.8,V71,V70-V82.99,V01-V91.99,V01-V91.99,V01-V91.99
V15.80,V15.8,V15,V10-V19.99,V01-V91.99,V01-V91.99,V01-V91.99
V81.1,V81,V70-V82.99,V01-V91.99,V01-V91.99,V01-V91.99,V01-V91.99
V50.3,V50,V50-V59.99,V01-V91.99,V01-V91.99,V01-V91.99,V01-V91.99
V09.70,V09.7,V09,V07-V09.99,V01-V91.99,V01-V91.99,V01-V91.99
V73.2,V73,V70-V82.99,V01-V91.99,V01-V91.99,V01-V91.99,V01-V91.99
V15.22,V15.2,V15,V10-V19.99,V01-V91.99,V01-V91.99,V01-V91.99
V45.81,V45.8,V45,V40-V49.99,V01-V91.99,V01-V91.99,V01-V91.99
V45.83,V45.8,V45,V40-V49.99,V01-V91.99,V01-V91.99,V01-V91.99
V85.33,V85.3,V85,V85-V85.99,V01-V91.99,V01-V91.99,V01-V91.99
V49.61,V49.6,V49,V40-V49.99,V01-V91.99,V01-V91.99,V01-V91.99
V62.82,V62.8,V62,V60-V69.99,V01-V91.99,V01-V91.99,V01-V91.99
V43.21,V43.2,V43,V40-V49.99,V01-V91.99,V01-V91.99,V01-V91.99
V77.0,V77,V70-V82.99,V01-V91.99,V01-V91.99,V01-V91.99,V01-V91.99
V75.2,V75,V70-V82.99,V01-V91.99,V01-V91.99,V01-V91.99,V01-V91.99
V77.3,V77,V70-V82.99,V01-V91.99,V01-V91.99,V01-V91.99,V01-V91.99
V44.4,V44,V40-V49.99,V01-V91.99,V01-V91.99,V01-V91.99,V01-V91.99
V43.62,V43.6,V43,V40-V49.99,V01-V91.99,V01-V91.99,V01-V91.99
V27.3,V27,V20-V29.99,V01-V91.99,V01-V91.99,V01-V91.99,V01-V91.99
V01.82,V01.8,V01,V01-V06.99,V01-V91.99,V01-V91.99,V01-V91.99
V25.2,V25,V20-V29.99,V01-V91.99,V01-V91.99,V01-V91.99,V01-V91.99
V45.86,V45.8,V45,V40-V49.99,V01-V91.99,V01-V91.99,V01-V91.99
V45.88,V45.8,V45,V40-V49.99,V01-V91.99,V01-V91.99,V01-V91.99
V68.81,V68.8,V68,V60-V69.99,V01-V91.99,V01-V91.99,V01-V91.99
V25.5,V25,V20-V29.99,V01-V91.99,V01-V91.99,V01-V91.99,V01-V91.99
V19.2,V19,V10-V19.99,V01-V91.99,V01-V91.99,V01-V91.99,V01-V91.99
V20.31,V20.3,V20,V20-V29.99,V01-V91.99,V01-V91.99,V01-V91.99
V12.02,V12.0,V12,V10-V19.99,V01-V91.99,V01-V91.99,V01-V91.99
V19.5,V19,V10-V19.99,V01-V91.99,V01-V91.99,V01-V91.99,V01-V91.99
V74.9,V74,V70-V82.99,V01-V91.99,V01-V91.99,V01-V91.99,V01-V91.99
V40.1,V40,V40-V49.99,V01-V91.99,V01-V91.99,V01-V91.99,V01-V91.99
V16.49,V16.4,V16,V10-V19.99,V01-V91.99,V01-V91.99,V01-V91.99
V55.7,V55,V50-V59.99,V01-V91.99,V01-V91.99,V01-V91.99,V01-V91.99
V15.85,V15.8,V15,V10-V19.99,V01-V91.99,V01-V91.99,V01-V91.99
V15.83,V15.8,V15,V10-V19.99,V01-V91.99,V01-V91.99,V01-V91.99
V13.9,V13,V10-V19.99,V01-V91.99,V01-V91.99,V01-V91.99,V01-V91.99
V54.14,V54.1,V54,V50-V59.99,V01-V91.99,V01-V91.99,V01-V91.99
V65.0,V65,V60-V69.99,V01-V91.99,V01-V91.99,V01-V91.99,V01-V91.99
V17.7,V17,V10-V19.99,V01-V91.99,V01-V91.99,V01-V91.99,V01-V91.99
V59.8,V59,V50-V59.99,V01-V91.99,V01-V91.99,V01-V91.99,V01-V91.99
V85.38,V85.3,V85,V85-V85.99,V01-V91.99,V01-V91.99,V01-V91.99
V85.36,V85.3,V85,V85-V85.99,V01-V91.99,V01-V91.99,V01-V91.99
V11.3,V11,V10-V19.99,V01-V91.99,V01-V91.99,V01-V91.99,V01-V91.99
V10.52,V10.5,V10,V10-V19.99,V01-V91.99,V01-V91.99,V01-V91.99
V62.85,V62.8,V62,V60-V69.99,V01-V91.99,V01-V91.99,V01-V91.99
V34.2,V34,V30-V39.99,V01-V91.99,V01-V91.99,V01-V91.99,V01-V91.99
V03.4,V03,V01-V06.99,V01-V91.99,V01-V91.99,V01-V91.99,V01-V91.99
V23.2,V23,V20-V29.99,V01-V91.99,V01-V91.99,V01-V91.99,V01-V91.99
V91.00,V91.0,V91,V91-V91.99,V01-V91.99,V01-V91.99,V01-V91.99
V91.02,V91.0,V91,V91-V91.99,V01-V91.99,V01-V91.99,V01-V91.99
V03.7,V03,V01-V06.99,V01-V91.99,V01-V91.99,V01-V91.99,V01-V91.99
V64.41,V64.4,V64,V60-V69.99,V01-V91.99,V01-V91.99,V01-V91.99
V62.29,V62.2,V62,V60-V69.99,V01-V91.99,V01-V91.99,V01-V91.99
V58.63,V58.6,V58,V50-V59.99,V01-V91.99,V01-V91.99,V01-V91.99
V16.51,V16.5,V16,V10-V19.99,V01-V91.99,V01-V91.99,V01-V91.99
V45.51,V45.5,V45,V40-V49.99,V01-V91.99,V01-V91.99,V01-V91.99
V53.1,V53,V50-V59.99,V01-V91.99,V01-V91.99,V01-V91.99,V01-V91.99
V53.4,V53,V50-V59.99,V01-V91.99,V01-V91.99,V01-V91.99,V01-V91.99
V42.1,V42,V40-V49.99,V01-V91.99,V01-V91.99,V01-V91.99,V01-V91.99
V85.42,V85.4,V85,V85-V85.99,V01-V91.99,V01-V91.99,V01-V91.99
V35.01,V35.0,V35,V30-V39.99,V01-V91.99,V01-V91.99,V01-V91.99
V02.69,V02.6,V02,V01-V06.99,V01-V91.99,V01-V91.99,V01-V91.99
V18.51,V18.5,V18,V10-V19.99,V01-V91.99,V01-V91.99,V01-V91.99
V55.4,V55,V50-V59.99,V01-V91.99,V01-V91.99,V01-V91.99,V01-V91.99
V69.1,V69,V60-V69.99,V01-V91.99,V01-V91.99,V01-V91.99,V01-V91.99
V49.3,V49,V40-V49.99,V01-V91.99,V01-V91.99,V01-V91.99,V01-V91.99
V23.82,V23.8,V23,V20-V29.99,V01-V91.99,V01-V91.99,V01-V91.99
V12.52,V12.5,V12,V10-V19.99,V01-V91.99,V01-V91.99,V01-V91.99
V12.50,V12.5,V12,V10-V19.99,V01-V91.99,V01-V91.99,V01-V91.99
V70.8,V70,V70-V82.99,V01-V91.99,V01-V91.99,V01-V91.99,V01-V91.99
V36.2,V36,V30-V39.99,V01-V91.99,V01-V91.99,V01-V91.99,V01-V91.99
V07.2,V07,V07-V09.99,V01-V91.99,V01-V91.99,V01-V91.99,V01-V91.99
V58.68,V58.6,V58,V50-V59.99,V01-V91.99,V01-V91.99,V01-V91.99
V05.4,V05,V01-V06.99,V01-V91.99,V01-V91.99,V01-V91.99,V01-V91.99
V62.9,V62,V60-V69.99,V01-V91.99,V01-V91.99,V01-V91.99,V01-V91.99
V57.21,V57.2,V57,V50-V59.99,V01-V91.99,V01-V91.99,V01-V91.99
V85.45,V85.4,V85,V85-V85.99,V01-V91.99,V01-V91.99,V01-V91.99
V44.51,V44.5,V44,V40-V49.99,V01-V91.99,V01-V91.99,V01-V91.99
V10.61,V10.6,V10,V10-V19.99,V01-V91.99,V01-V91.99,V01-V91.99
V41.1,V41,V40-V49.99,V01-V91.99,V01-V91.99,V01-V91.99,V01-V91.99
V26.0,V26,V20-V29.99,V01-V91.99,V01-V91.99,V01-V91.99,V01-V91.99
V30.1,V30,V30-V39.99,V01-V91.99,V01-V91.99,V01-V91.99,V01-V91.99
V52.4,V52,V50-V59.99,V01-V91.99,V01-V91.99,V01-V91.99,V01-V91.99
V91.11,V91.1,V91,V91-V91.99,V01-V91.99,V01-V91.99,V01-V91.99
V41.4,V41,V40-V49.99,V01-V91.99,V01-V91.99,V01-V91.99,V01-V91.99
V58.42,V58.4,V58,V50-V59.99,V01-V91.99,V01-V91.99,V01-V91.99
V14.9,V14,V10-V19.99,V01-V91.99,V01-V91.99,V01-V91.99,V01-V91.99
V90.32,V90.3,V90,V90-V90.99,V01-V91.99,V01-V91.99,V01-V91.99
